plant_id,timestamp,prediction_mw
plant_01,2024-05-12 00:00:00,0.0
plant_02,2024-05-12 00:00:00,0.0
plant_03,2024-05-12 00:00:00,0.0
plant_04,2024-05-12 00:00:00,0.015508992346373662
plant_01,2024-05-12 01:00:00,0.0
plant_02,2024-05-12 01:00:00,0.004110239020041985
plant_03,2024-05-12 01:00:00,0.055558357751342664
plant_04,2024-05-12 01:00:00,0.003697001422226005
plant_01,2024-05-12 02:00:00,0.0
plant_02,2024-05-12 02:00:00,0.01076959949536415
plant_03,2024-05-12 02:00:00,0.0027754274595093447
plant_04,2024-05-12 02:00:00,0.01187427248120213
plant_01,2024-05-12 03:00:00,0.02677242677368329
plant_02,2024-05-12 03:00:00,0.00860672061033472
plant_03,2024-05-12 03:00:00,0.004707928775448126
plant_04,2024-05-12 03:00:00,0.013105814733720621
plant_01,2024-05-12 04:00:00,0.0016629180259552425
plant_02,2024-05-12 04:00:00,0.001589808432377065
plant_03,2024-05-12 04:00:00,0.008261757043510872
plant_04,2024-05-12 04:00:00,0.016113715885256164
plant_01,2024-05-12 05:00:00,0.0
plant_02,2024-05-12 05:00:00,0.008006661540903638
plant_03,2024-05-12 05:00:00,0.052795419796882154
plant_04,2024-05-12 05:00:00,0.016113715885256164
plant_01,2024-05-12 06:00:00,0.0
plant_02,2024-05-12 06:00:00,0.011014562692439183
plant_03,2024-05-12 06:00:00,0.0
plant_04,2024-05-12 06:00:00,0.014759792496639388
plant_01,2024-05-12 07:00:00,5.424943682487208
plant_02,2024-05-12 07:00:00,9.899077525213784
plant_03,2024-05-12 07:00:00,8.953945726858905
plant_04,2024-05-12 07:00:00,11.294791504547852
plant_01,2024-05-12 08:00:00,10.486287492814704
plant_02,2024-05-12 08:00:00,15.89065617483248
plant_03,2024-05-12 08:00:00,19.423419797811537
plant_04,2024-05-12 08:00:00,28.83906861442316
plant_01,2024-05-12 09:00:00,17.436848161096734
plant_02,2024-05-12 09:00:00,25.595195890456907
plant_03,2024-05-12 09:00:00,30.928481624956163
plant_04,2024-05-12 09:00:00,38.652482788461576
plant_01,2024-05-12 10:00:00,21.0384404670753
plant_02,2024-05-12 10:00:00,29.241482594858606
plant_03,2024-05-12 10:00:00,37.54688221154641
plant_04,2024-05-12 10:00:00,46.22572922615999
plant_01,2024-05-12 11:00:00,21.311135991328253
plant_02,2024-05-12 11:00:00,32.510879791552036
plant_03,2024-05-12 11:00:00,39.76226126808697
plant_04,2024-05-12 11:00:00,48.42736133033231
plant_01,2024-05-12 12:00:00,22.123202914660883
plant_02,2024-05-12 12:00:00,33.006329565933044
plant_03,2024-05-12 12:00:00,40.70098177766568
plant_04,2024-05-12 12:00:00,46.314687155442655
plant_01,2024-05-12 13:00:00,23.182334429767614
plant_02,2024-05-12 13:00:00,29.677158159911524
plant_03,2024-05-12 13:00:00,43.41337800560062
plant_04,2024-05-12 13:00:00,45.95993734636231
plant_01,2024-05-12 14:00:00,23.633526207039214
plant_02,2024-05-12 14:00:00,31.192853025227482
plant_03,2024-05-12 14:00:00,40.92835103962929
plant_04,2024-05-12 14:00:00,46.58971496745865
plant_01,2024-05-12 15:00:00,19.18388606188368
plant_02,2024-05-12 15:00:00,22.23168129701959
plant_03,2024-05-12 15:00:00,30.811768812133174
plant_04,2024-05-12 15:00:00,37.89456624695116
plant_01,2024-05-12 16:00:00,15.418622165758581
plant_02,2024-05-12 16:00:00,17.700850789400953
plant_03,2024-05-12 16:00:00,25.705802323116657
plant_04,2024-05-12 16:00:00,25.411982055389306
plant_01,2024-05-12 17:00:00,6.15440886375433
plant_02,2024-05-12 17:00:00,8.823824607562265
plant_03,2024-05-12 17:00:00,11.225983109213345
plant_04,2024-05-12 17:00:00,12.621790255501779
plant_01,2024-05-12 18:00:00,0.0
plant_02,2024-05-12 18:00:00,0.0048884559635249715
plant_03,2024-05-12 18:00:00,0.028838761365010297
plant_04,2024-05-12 18:00:00,0.012874712000609757
plant_01,2024-05-12 19:00:00,0.0
plant_02,2024-05-12 19:00:00,0.0
plant_03,2024-05-12 19:00:00,0.041503947576023416
plant_04,2024-05-12 19:00:00,0.0
plant_01,2024-05-12 20:00:00,0.0
plant_02,2024-05-12 20:00:00,0.0
plant_03,2024-05-12 20:00:00,0.010045143218907425
plant_04,2024-05-12 20:00:00,0.0026547574510201147
plant_01,2024-05-12 21:00:00,0.0
plant_02,2024-05-12 21:00:00,0.3513062236055345
plant_03,2024-05-12 21:00:00,0.0
plant_04,2024-05-12 21:00:00,0.0
plant_01,2024-05-12 22:00:00,0.0
plant_02,2024-05-12 22:00:00,0.0019542711042419207
plant_03,2024-05-12 22:00:00,0.0
plant_04,2024-05-12 22:00:00,0.013105814733720621
plant_01,2024-05-12 23:00:00,0.0
plant_02,2024-05-12 23:00:00,0.0024638195415958787
plant_03,2024-05-12 23:00:00,0.0
plant_04,2024-05-12 23:00:00,0.014182166347935152
plant_01,2024-05-13 00:00:00,0.0
plant_02,2024-05-13 00:00:00,0.0
plant_03,2024-05-13 00:00:00,0.009315675736998557
plant_04,2024-05-13 00:00:00,0.0
plant_01,2024-05-13 01:00:00,0.0
plant_02,2024-05-13 01:00:00,0.008006661540903638
plant_03,2024-05-13 01:00:00,0.008068540570431416
plant_04,2024-05-13 01:00:00,0.01187427248120213
plant_01,2024-05-13 02:00:00,0.0
plant_02,2024-05-13 02:00:00,0.008006661540903638
plant_03,2024-05-13 02:00:00,0.0
plant_04,2024-05-13 02:00:00,0.0034556459390233042
plant_01,2024-05-13 03:00:00,0.0
plant_02,2024-05-13 03:00:00,0.0
plant_03,2024-05-13 03:00:00,0.00790038008140174
plant_04,2024-05-13 03:00:00,0.0
plant_01,2024-05-13 04:00:00,0.0
plant_02,2024-05-13 04:00:00,0.0
plant_03,2024-05-13 04:00:00,0.0
plant_04,2024-05-13 04:00:00,0.013105814733720621
plant_01,2024-05-13 05:00:00,0.0
plant_02,2024-05-13 05:00:00,0.0
plant_03,2024-05-13 05:00:00,0.01066959912561533
plant_04,2024-05-13 05:00:00,0.013705873803151707
plant_01,2024-05-13 06:00:00,0.0003089946373384644
plant_02,2024-05-13 06:00:00,0.00860672061033472
plant_03,2024-05-13 06:00:00,0.010045143218907425
plant_04,2024-05-13 06:00:00,0.016113715885256164
plant_01,2024-05-13 07:00:00,6.723591698423652
plant_02,2024-05-13 07:00:00,7.842701172812251
plant_03,2024-05-13 07:00:00,8.630348487758626
plant_04,2024-05-13 07:00:00,13.181482829360506
plant_01,2024-05-13 08:00:00,15.391084003288181
plant_02,2024-05-13 08:00:00,18.974860246068783
plant_03,2024-05-13 08:00:00,19.21829139914629
plant_04,2024-05-13 08:00:00,23.3991148624642
plant_01,2024-05-13 09:00:00,17.281436084488938
plant_02,2024-05-13 09:00:00,20.482136072554233
plant_03,2024-05-13 09:00:00,28.57473056914466
plant_04,2024-05-13 09:00:00,33.31454938506661
plant_01,2024-05-13 10:00:00,19.915148592663474
plant_02,2024-05-13 10:00:00,27.50996725346406
plant_03,2024-05-13 10:00:00,39.338728214801975
plant_04,2024-05-13 10:00:00,49.22416049760769
plant_01,2024-05-13 11:00:00,22.34361394320424
plant_02,2024-05-13 11:00:00,30.832424243818945
plant_03,2024-05-13 11:00:00,42.10826366090386
plant_04,2024-05-13 11:00:00,45.06149996469283
plant_01,2024-05-13 12:00:00,22.264118255021028
plant_02,2024-05-13 12:00:00,32.95396740132503
plant_03,2024-05-13 12:00:00,38.69265721673373
plant_04,2024-05-13 12:00:00,47.39618860657365
plant_01,2024-05-13 13:00:00,21.422932307855007
plant_02,2024-05-13 13:00:00,33.079147872707125
plant_03,2024-05-13 13:00:00,44.91665870231317
plant_04,2024-05-13 13:00:00,49.158850239759374
plant_01,2024-05-13 14:00:00,20.37387445190281
plant_02,2024-05-13 14:00:00,31.20517853528683
plant_03,2024-05-13 14:00:00,39.550528464060115
plant_04,2024-05-13 14:00:00,43.66019470764281
plant_01,2024-05-13 15:00:00,15.65989912733472
plant_02,2024-05-13 15:00:00,23.24702896133782
plant_03,2024-05-13 15:00:00,32.64373575616936
plant_04,2024-05-13 15:00:00,40.90002480772888
plant_01,2024-05-13 16:00:00,12.545537233093722
plant_02,2024-05-13 16:00:00,19.27209357955405
plant_03,2024-05-13 16:00:00,22.061293242629397
plant_04,2024-05-13 16:00:00,27.24382340815436
plant_01,2024-05-13 17:00:00,6.744914717967105
plant_02,2024-05-13 17:00:00,10.40767717854596
plant_03,2024-05-13 17:00:00,11.905340848630159
plant_04,2024-05-13 17:00:00,13.149260159307048
plant_01,2024-05-13 18:00:00,0.042591086320601004
plant_02,2024-05-13 18:00:00,0.007177171695184841
plant_03,2024-05-13 18:00:00,0.0
plant_04,2024-05-13 18:00:00,0.026689378126147478
plant_01,2024-05-13 19:00:00,0.0
plant_02,2024-05-13 19:00:00,0.0
plant_03,2024-05-13 19:00:00,0.07088945074395137
plant_04,2024-05-13 19:00:00,0.2285792109172387
plant_01,2024-05-13 20:00:00,0.041898721420989056
plant_02,2024-05-13 20:00:00,0.0
plant_03,2024-05-13 20:00:00,0.0
plant_04,2024-05-13 20:00:00,0.0
plant_01,2024-05-13 21:00:00,0.0
plant_02,2024-05-13 21:00:00,0.07313725148341059
plant_03,2024-05-13 21:00:00,0.0
plant_04,2024-05-13 21:00:00,0.0
plant_01,2024-05-13 22:00:00,0.0
plant_02,2024-05-13 22:00:00,0.0011441738167875851
plant_03,2024-05-13 22:00:00,0.0
plant_04,2024-05-13 22:00:00,0.003901892617587254
plant_01,2024-05-13 23:00:00,0.0
plant_02,2024-05-13 23:00:00,0.0
plant_03,2024-05-13 23:00:00,0.0
plant_04,2024-05-13 23:00:00,0.0022535137127495577
plant_01,2024-05-14 00:00:00,0.0
plant_02,2024-05-14 00:00:00,0.0
plant_03,2024-05-14 00:00:00,0.0
plant_04,2024-05-14 00:00:00,0.005287247260972881
plant_01,2024-05-14 01:00:00,0.0
plant_02,2024-05-14 01:00:00,0.0
plant_03,2024-05-14 01:00:00,0.007661697974079786
plant_04,2024-05-14 01:00:00,0.0
plant_01,2024-05-14 02:00:00,0.0
plant_02,2024-05-14 02:00:00,0.0
plant_03,2024-05-14 02:00:00,0.01066959912561533
plant_04,2024-05-14 02:00:00,0.0
plant_01,2024-05-14 03:00:00,0.0
plant_02,2024-05-14 03:00:00,0.0
plant_03,2024-05-14 03:00:00,0.0
plant_04,2024-05-14 03:00:00,0.0
plant_01,2024-05-14 04:00:00,0.0016629180259552425
plant_02,2024-05-14 04:00:00,0.00860672061033472
plant_03,2024-05-14 04:00:00,0.041212035594568375
plant_04,2024-05-14 04:00:00,0.001150480355023215
plant_01,2024-05-14 05:00:00,0.0
plant_02,2024-05-14 05:00:00,0.006775119288385144
plant_03,2024-05-14 05:00:00,0.0
plant_04,2024-05-14 05:00:00,0.0
plant_01,2024-05-14 06:00:00,0.04163148261611224
plant_02,2024-05-14 06:00:00,0.0
plant_03,2024-05-14 06:00:00,0.007661697974079786
plant_04,2024-05-14 06:00:00,0.006243327009604566
plant_01,2024-05-14 07:00:00,5.627287479352443
plant_02,2024-05-14 07:00:00,7.2395574448559
plant_03,2024-05-14 07:00:00,9.450471525121618
plant_04,2024-05-14 07:00:00,11.792405952110371
plant_01,2024-05-14 08:00:00,7.693698239774491
plant_02,2024-05-14 08:00:00,17.189157590655327
plant_03,2024-05-14 08:00:00,25.993985702967738
plant_04,2024-05-14 08:00:00,28.82607357267713
plant_01,2024-05-14 09:00:00,17.998449528810745
plant_02,2024-05-14 09:00:00,22.516331307277643
plant_03,2024-05-14 09:00:00,33.21938165651439
plant_04,2024-05-14 09:00:00,45.99561869581763
plant_01,2024-05-14 10:00:00,19.09952961090941
plant_02,2024-05-14 10:00:00,26.07270115111208
plant_03,2024-05-14 10:00:00,35.534523225397756
plant_04,2024-05-14 10:00:00,43.39120336713883
plant_01,2024-05-14 11:00:00,21.465224563040984
plant_02,2024-05-14 11:00:00,31.055539547453428
plant_03,2024-05-14 11:00:00,39.393663416289684
plant_04,2024-05-14 11:00:00,48.03895441536284
plant_01,2024-05-14 12:00:00,24.261764749417253
plant_02,2024-05-14 12:00:00,30.67173511727373
plant_03,2024-05-14 12:00:00,43.292484577684604
plant_04,2024-05-14 12:00:00,49.406628818484954
plant_01,2024-05-14 13:00:00,20.752077779175647
plant_02,2024-05-14 13:00:00,29.351648571411975
plant_03,2024-05-14 13:00:00,40.86434769824633
plant_04,2024-05-14 13:00:00,52.19018110668
plant_01,2024-05-14 14:00:00,20.393563445550484
plant_02,2024-05-14 14:00:00,30.09266333860388
plant_03,2024-05-14 14:00:00,38.03058335402577
plant_04,2024-05-14 14:00:00,48.98518280208378
plant_01,2024-05-14 15:00:00,18.730118971004117
plant_02,2024-05-14 15:00:00,28.822735347561142
plant_03,2024-05-14 15:00:00,28.8408249616326
plant_04,2024-05-14 15:00:00,39.783736593086644
plant_01,2024-05-14 16:00:00,12.839893455172678
plant_02,2024-05-14 16:00:00,19.593027501929736
plant_03,2024-05-14 16:00:00,19.662551086734886
plant_04,2024-05-14 16:00:00,28.179514751231334
plant_01,2024-05-14 17:00:00,8.297077021741341
plant_02,2024-05-14 17:00:00,11.06010398711686
plant_03,2024-05-14 17:00:00,12.702266321611816
plant_04,2024-05-14 17:00:00,15.224160096817743
plant_01,2024-05-14 18:00:00,0.0
plant_02,2024-05-14 18:00:00,0.08567217955371119
plant_03,2024-05-14 18:00:00,0.03114713041304396
plant_04,2024-05-14 18:00:00,0.10130019386959876
plant_01,2024-05-14 19:00:00,0.0
plant_02,2024-05-14 19:00:00,0.008806623068538655
plant_03,2024-05-14 19:00:00,0.025037489546924616
plant_04,2024-05-14 19:00:00,0.0
plant_01,2024-05-14 20:00:00,0.0
plant_02,2024-05-14 20:00:00,0.0
plant_03,2024-05-14 20:00:00,0.0
plant_04,2024-05-14 20:00:00,0.013105814733720621
plant_01,2024-05-14 21:00:00,0.0
plant_02,2024-05-14 21:00:00,0.04572713634752258
plant_03,2024-05-14 21:00:00,0.013383197945458829
plant_04,2024-05-14 21:00:00,0.003901892617587254
plant_01,2024-05-14 22:00:00,0.0
plant_02,2024-05-14 22:00:00,0.0013771858649186714
plant_03,2024-05-14 22:00:00,0.02400755478745245
plant_04,2024-05-14 22:00:00,0.0
plant_01,2024-05-14 23:00:00,0.0021798535692854224
plant_02,2024-05-14 23:00:00,0.0
plant_03,2024-05-14 23:00:00,0.00010804448425663117
plant_04,2024-05-14 23:00:00,0.0
plant_01,2024-05-15 00:00:00,0.0
plant_02,2024-05-15 00:00:00,0.01076959949536415
plant_03,2024-05-15 00:00:00,0.0
plant_04,2024-05-15 00:00:00,0.0
plant_01,2024-05-15 01:00:00,0.023785635078582047
plant_02,2024-05-15 01:00:00,0.008006661540903638
plant_03,2024-05-15 01:00:00,0.0
plant_04,2024-05-15 01:00:00,0.0
plant_01,2024-05-15 02:00:00,0.0
plant_02,2024-05-15 02:00:00,0.05590332131816651
plant_03,2024-05-15 02:00:00,0.029171626472455935
plant_04,2024-05-15 02:00:00,0.011858679567153477
plant_01,2024-05-15 03:00:00,0.0
plant_02,2024-05-15 03:00:00,0.007778972535663554
plant_03,2024-05-15 03:00:00,0.00432202116857297
plant_04,2024-05-15 03:00:00,0.0
plant_01,2024-05-15 04:00:00,0.0005598846682288997
plant_02,2024-05-15 04:00:00,0.0054114317669329715
plant_03,2024-05-15 04:00:00,0.0
plant_04,2024-05-15 04:00:00,0.0
plant_01,2024-05-15 05:00:00,0.0
plant_02,2024-05-15 05:00:00,0.056614058233199926
plant_03,2024-05-15 05:00:00,0.008261757043510872
plant_04,2024-05-15 05:00:00,0.0
plant_01,2024-05-15 06:00:00,0.0
plant_02,2024-05-15 06:00:00,0.0
plant_03,2024-05-15 06:00:00,0.004543492396701122
plant_04,2024-05-15 06:00:00,0.0
plant_01,2024-05-15 07:00:00,4.337523728979343
plant_02,2024-05-15 07:00:00,7.16380020838203
plant_03,2024-05-15 07:00:00,9.310906029190297
plant_04,2024-05-15 07:00:00,13.002434729730732
plant_01,2024-05-15 08:00:00,11.906547290587676
plant_02,2024-05-15 08:00:00,16.090661165839375
plant_03,2024-05-15 08:00:00,23.479760195079468
plant_04,2024-05-15 08:00:00,29.990396808186528
plant_01,2024-05-15 09:00:00,18.379659732023644
plant_02,2024-05-15 09:00:00,22.549434905711806
plant_03,2024-05-15 09:00:00,33.31291773875193
plant_04,2024-05-15 09:00:00,39.52387779994085
plant_01,2024-05-15 10:00:00,21.570802225001707
plant_02,2024-05-15 10:00:00,28.782496016218683
plant_03,2024-05-15 10:00:00,35.04896130759753
plant_04,2024-05-15 10:00:00,42.45777729501951
plant_01,2024-05-15 11:00:00,20.884514886600073
plant_02,2024-05-15 11:00:00,28.155792013210778
plant_03,2024-05-15 11:00:00,37.05008093828929
plant_04,2024-05-15 11:00:00,54.34385267941639
plant_01,2024-05-15 12:00:00,23.57713334039316
plant_02,2024-05-15 12:00:00,29.395497088602056
plant_03,2024-05-15 12:00:00,42.21339555952133
plant_04,2024-05-15 12:00:00,50.114707643018406
plant_01,2024-05-15 13:00:00,22.59950111358761
plant_02,2024-05-15 13:00:00,28.734916994181074
plant_03,2024-05-15 13:00:00,39.382316211129925
plant_04,2024-05-15 13:00:00,50.70327467481434
plant_01,2024-05-15 14:00:00,20.632979673552686
plant_02,2024-05-15 14:00:00,30.464402172143416
plant_03,2024-05-15 14:00:00,35.941894885029015
plant_04,2024-05-15 14:00:00,44.841504208542865
plant_01,2024-05-15 15:00:00,20.142493033896347
plant_02,2024-05-15 15:00:00,25.816078426652908
plant_03,2024-05-15 15:00:00,34.03984275479903
plant_04,2024-05-15 15:00:00,42.48945576268929
plant_01,2024-05-15 16:00:00,14.256955503588907
plant_02,2024-05-15 16:00:00,18.297447149554774
plant_03,2024-05-15 16:00:00,18.314376008657753
plant_04,2024-05-15 16:00:00,25.680077381481347
plant_01,2024-05-15 17:00:00,8.758448017171638
plant_02,2024-05-15 17:00:00,10.005788989023564
plant_03,2024-05-15 17:00:00,10.617201177834065
plant_04,2024-05-15 17:00:00,12.226690730554365
plant_01,2024-05-15 18:00:00,0.31441829549310785
plant_02,2024-05-15 18:00:00,0.08844438573989574
plant_03,2024-05-15 18:00:00,0.06370916107983639
plant_04,2024-05-15 18:00:00,0.06533701824426355
plant_01,2024-05-15 19:00:00,0.009016722373780947
plant_02,2024-05-15 19:00:00,0.049256338489358335
plant_03,2024-05-15 19:00:00,0.0
plant_04,2024-05-15 19:00:00,0.23736235134767653
plant_01,2024-05-15 20:00:00,0.0
plant_02,2024-05-15 20:00:00,0.001589808432377065
plant_03,2024-05-15 20:00:00,0.0
plant_04,2024-05-15 20:00:00,0.0
plant_01,2024-05-15 21:00:00,0.316714978429605
plant_02,2024-05-15 21:00:00,0.0
plant_03,2024-05-15 21:00:00,0.0
plant_04,2024-05-15 21:00:00,0.0006468616815798862
plant_01,2024-05-15 22:00:00,0.030798726160730996
plant_02,2024-05-15 22:00:00,0.00908301315511817
plant_03,2024-05-15 22:00:00,0.00045554169525018344
plant_04,2024-05-15 22:00:00,0.003901892617587254
plant_01,2024-05-15 23:00:00,0.0
plant_02,2024-05-15 23:00:00,0.0
plant_03,2024-05-15 23:00:00,0.0
plant_04,2024-05-15 23:00:00,0.018243207443499426
plant_01,2024-05-16 00:00:00,0.0
plant_02,2024-05-16 00:00:00,0.0
plant_03,2024-05-16 00:00:00,0.01066959912561533
plant_04,2024-05-16 00:00:00,0.0
plant_01,2024-05-16 01:00:00,0.0
plant_02,2024-05-16 01:00:00,0.0
plant_03,2024-05-16 01:00:00,0.009193093676021809
plant_04,2024-05-16 01:00:00,0.011858679567153477
plant_01,2024-05-16 02:00:00,0.0
plant_02,2024-05-16 02:00:00,0.0
plant_03,2024-05-16 02:00:00,0.007661697974079786
plant_04,2024-05-16 02:00:00,0.0028684852426313382
plant_01,2024-05-16 03:00:00,0.023418622737813498
plant_02,2024-05-16 03:00:00,0.0
plant_03,2024-05-16 03:00:00,0.010424635928540302
plant_04,2024-05-16 03:00:00,0.013105814733720621
plant_01,2024-05-16 04:00:00,0.0
plant_02,2024-05-16 04:00:00,0.008245343648225592
plant_03,2024-05-16 04:00:00,0.0
plant_04,2024-05-16 04:00:00,0.01187427248120213
plant_01,2024-05-16 05:00:00,0.0
plant_02,2024-05-16 05:00:00,0.0
plant_03,2024-05-16 05:00:00,0.04046195891962265
plant_04,2024-05-16 05:00:00,0.0
plant_01,2024-05-16 06:00:00,0.0
plant_02,2024-05-16 06:00:00,0.0
plant_03,2024-05-16 06:00:00,0.012078613691459069
plant_04,2024-05-16 06:00:00,0.0
plant_01,2024-05-16 07:00:00,5.654138569188073
plant_02,2024-05-16 07:00:00,7.0730958724810105
plant_03,2024-05-16 07:00:00,9.41686482365219
plant_04,2024-05-16 07:00:00,12.881057994601996
plant_01,2024-05-16 08:00:00,11.51694590326994
plant_02,2024-05-16 08:00:00,16.980433209731757
plant_03,2024-05-16 08:00:00,21.15551952210604
plant_04,2024-05-16 08:00:00,25.806166492426478
plant_01,2024-05-16 09:00:00,16.34446618013876
plant_02,2024-05-16 09:00:00,20.0093209247957
plant_03,2024-05-16 09:00:00,30.99897152694956
plant_04,2024-05-16 09:00:00,37.6655752430312
plant_01,2024-05-16 10:00:00,16.968204674256523
plant_02,2024-05-16 10:00:00,24.15503652412942
plant_03,2024-05-16 10:00:00,36.1024297788938
plant_04,2024-05-16 10:00:00,49.88073541294679
plant_01,2024-05-16 11:00:00,20.80322844284188
plant_02,2024-05-16 11:00:00,30.892139256254264
plant_03,2024-05-16 11:00:00,39.25595754284863
plant_04,2024-05-16 11:00:00,47.23416719290125
plant_01,2024-05-16 12:00:00,22.595506371703117
plant_02,2024-05-16 12:00:00,28.816048838046104
plant_03,2024-05-16 12:00:00,37.24743795050491
plant_04,2024-05-16 12:00:00,47.546570329156246
plant_01,2024-05-16 13:00:00,21.876048847477026
plant_02,2024-05-16 13:00:00,32.5838001780693
plant_03,2024-05-16 13:00:00,38.600147103907986
plant_04,2024-05-16 13:00:00,50.86655306730338
plant_01,2024-05-16 14:00:00,21.879991205798945
plant_02,2024-05-16 14:00:00,29.623851625944177
plant_03,2024-05-16 14:00:00,39.005545071234714
plant_04,2024-05-16 14:00:00,51.06103284454859
plant_01,2024-05-16 15:00:00,20.150673197555765
plant_02,2024-05-16 15:00:00,26.402487500800248
plant_03,2024-05-16 15:00:00,33.59218020831336
plant_04,2024-05-16 15:00:00,37.73901947354086
plant_01,2024-05-16 16:00:00,14.61638753767204
plant_02,2024-05-16 16:00:00,17.131115624676898
plant_03,2024-05-16 16:00:00,22.938658220630654
plant_04,2024-05-16 16:00:00,33.19229420261154
plant_01,2024-05-16 17:00:00,7.618263173682972
plant_02,2024-05-16 17:00:00,8.86637273344937
plant_03,2024-05-16 17:00:00,11.1074001766343
plant_04,2024-05-16 17:00:00,10.65601696711876
plant_01,2024-05-16 18:00:00,0.11721613756929879
plant_02,2024-05-16 18:00:00,0.007014475075397066
plant_03,2024-05-16 18:00:00,0.10912581917068835
plant_04,2024-05-16 18:00:00,0.018393570907086626
plant_01,2024-05-16 19:00:00,0.0
plant_02,2024-05-16 19:00:00,0.0016232099729411135
plant_03,2024-05-16 19:00:00,0.04893128134986333
plant_04,2024-05-16 19:00:00,0.21285032915858787
plant_01,2024-05-16 20:00:00,0.0
plant_02,2024-05-16 20:00:00,0.0447195300499054
plant_03,2024-05-16 20:00:00,0.0
plant_04,2024-05-16 20:00:00,0.00032196417542854755
plant_01,2024-05-16 21:00:00,0.04413131986844643
plant_02,2024-05-16 21:00:00,0.00413855998862544
plant_03,2024-05-16 21:00:00,0.0
plant_04,2024-05-16 21:00:00,0.0
plant_01,2024-05-16 22:00:00,0.0
plant_02,2024-05-16 22:00:00,0.0
plant_03,2024-05-16 22:00:00,0.0
plant_04,2024-05-16 22:00:00,0.07633996813141788
plant_01,2024-05-16 23:00:00,0.0
plant_02,2024-05-16 23:00:00,0.00897072246611152
plant_03,2024-05-16 23:00:00,0.0
plant_04,2024-05-16 23:00:00,0.0
plant_01,2024-05-17 00:00:00,0.0
plant_02,2024-05-17 00:00:00,0.0008005052620740332
plant_03,2024-05-17 00:00:00,0.052795419796882154
plant_04,2024-05-17 00:00:00,0.0022535137127495577
plant_01,2024-05-17 01:00:00,0.0
plant_02,2024-05-17 01:00:00,0.0
plant_03,2024-05-17 01:00:00,0.007661697974079786
plant_04,2024-05-17 01:00:00,0.0172878951650559
plant_01,2024-05-17 02:00:00,0.0
plant_02,2024-05-17 02:00:00,0.008006661540903638
plant_03,2024-05-17 02:00:00,0.014942525121810928
plant_04,2024-05-17 02:00:00,0.0
plant_01,2024-05-17 03:00:00,0.0
plant_02,2024-05-17 03:00:00,0.0021013869559181786
plant_03,2024-05-17 03:00:00,0.0
plant_04,2024-05-17 03:00:00,0.0
plant_01,2024-05-17 04:00:00,0.023785635078582047
plant_02,2024-05-17 04:00:00,0.0
plant_03,2024-05-17 04:00:00,0.0
plant_04,2024-05-17 04:00:00,0.030984230593503224
plant_01,2024-05-17 05:00:00,0.0
plant_02,2024-05-17 05:00:00,0.0
plant_03,2024-05-17 05:00:00,0.01066959912561533
plant_04,2024-05-17 05:00:00,0.016113715885256164
plant_01,2024-05-17 06:00:00,0.03571076305848688
plant_02,2024-05-17 06:00:00,0.006759526374336499
plant_03,2024-05-17 06:00:00,0.0
plant_04,2024-05-17 06:00:00,0.013105814733720621
plant_01,2024-05-17 07:00:00,5.281414841344251
plant_02,2024-05-17 07:00:00,8.149357761606051
plant_03,2024-05-17 07:00:00,11.957450665146244
plant_04,2024-05-17 07:00:00,10.261680785479951
plant_01,2024-05-17 08:00:00,11.22077118828153
plant_02,2024-05-17 08:00:00,14.63946195779501
plant_03,2024-05-17 08:00:00,21.979526121952308
plant_04,2024-05-17 08:00:00,22.881585405506055
plant_01,2024-05-17 09:00:00,18.993365252207326
plant_02,2024-05-17 09:00:00,26.90411684931459
plant_03,2024-05-17 09:00:00,29.41536660909276
plant_04,2024-05-17 09:00:00,43.33911383042939
plant_01,2024-05-17 10:00:00,16.874888933326417
plant_02,2024-05-17 10:00:00,30.641039514349142
plant_03,2024-05-17 10:00:00,34.27395387862431
plant_04,2024-05-17 10:00:00,47.091142559844705
plant_01,2024-05-17 11:00:00,21.674131647373596
plant_02,2024-05-17 11:00:00,27.687496112712846
plant_03,2024-05-17 11:00:00,39.99694833949882
plant_04,2024-05-17 11:00:00,47.40313646575728
plant_01,2024-05-17 12:00:00,23.16990251787904
plant_02,2024-05-17 12:00:00,32.26435029992971
plant_03,2024-05-17 12:00:00,39.82615342875952
plant_04,2024-05-17 12:00:00,52.12441091651319
plant_01,2024-05-17 13:00:00,22.751559002266607
plant_02,2024-05-17 13:00:00,33.809925881840186
plant_03,2024-05-17 13:00:00,36.30050150346295
plant_04,2024-05-17 13:00:00,52.70578287300629
plant_01,2024-05-17 14:00:00,19.080634296234546
plant_02,2024-05-17 14:00:00,31.85337217835684
plant_03,2024-05-17 14:00:00,38.493084035231185
plant_04,2024-05-17 14:00:00,52.12751246678593
plant_01,2024-05-17 15:00:00,17.366471527904316
plant_02,2024-05-17 15:00:00,23.017253322138924
plant_03,2024-05-17 15:00:00,32.178257625286285
plant_04,2024-05-17 15:00:00,38.61072829319384
plant_01,2024-05-17 16:00:00,13.533457819114755
plant_02,2024-05-17 16:00:00,18.519625357015855
plant_03,2024-05-17 16:00:00,22.26974880390299
plant_04,2024-05-17 16:00:00,27.32667475068338
plant_01,2024-05-17 17:00:00,6.7321753265511415
plant_02,2024-05-17 17:00:00,9.631802869965084
plant_03,2024-05-17 17:00:00,11.753983360923447
plant_04,2024-05-17 17:00:00,14.882589928611239
plant_01,2024-05-17 18:00:00,0.0
plant_02,2024-05-17 18:00:00,0.010212972142938412
plant_03,2024-05-17 18:00:00,0.006430155721561294
plant_04,2024-05-17 18:00:00,0.9850235773229183
plant_01,2024-05-17 19:00:00,0.0
plant_02,2024-05-17 19:00:00,0.04707113044799675
plant_03,2024-05-17 19:00:00,0.0066695115085732195
plant_04,2024-05-17 19:00:00,0.26517839595533355
plant_01,2024-05-17 20:00:00,0.01479240935232613
plant_02,2024-05-17 20:00:00,0.0
plant_03,2024-05-17 20:00:00,0.0008432257678891958
plant_04,2024-05-17 20:00:00,0.004868756025310297
plant_01,2024-05-17 21:00:00,0.01080224625512655
plant_02,2024-05-17 21:00:00,0.0
plant_03,2024-05-17 21:00:00,0.0
plant_04,2024-05-17 21:00:00,0.006218583893483818
plant_01,2024-05-17 22:00:00,0.0
plant_02,2024-05-17 22:00:00,0.010390106785731273
plant_03,2024-05-17 22:00:00,0.007661697974079786
plant_04,2024-05-17 22:00:00,0.0
plant_01,2024-05-17 23:00:00,0.0
plant_02,2024-05-17 23:00:00,0.0
plant_03,2024-05-17 23:00:00,0.0
plant_04,2024-05-17 23:00:00,0.0
plant_01,2024-05-18 00:00:00,0.0
plant_02,2024-05-18 00:00:00,0.020474120482150242
plant_03,2024-05-18 00:00:00,0.0010023374987576206
plant_04,2024-05-18 00:00:00,0.0
plant_01,2024-05-18 01:00:00,0.0
plant_02,2024-05-18 01:00:00,0.011014562692439183
plant_03,2024-05-18 01:00:00,0.0
plant_04,2024-05-18 01:00:00,0.013705873803151707
plant_01,2024-05-18 02:00:00,0.0
plant_02,2024-05-18 02:00:00,0.008006661540903638
plant_03,2024-05-18 02:00:00,0.0
plant_04,2024-05-18 02:00:00,0.013705873803151707
plant_01,2024-05-18 03:00:00,0.0
plant_02,2024-05-18 03:00:00,0.04438271298423754
plant_03,2024-05-18 03:00:00,0.0017564233890943288
plant_04,2024-05-18 03:00:00,0.0
plant_01,2024-05-18 04:00:00,0.044269663347144626
plant_02,2024-05-18 04:00:00,0.0
plant_03,2024-05-18 04:00:00,0.0
plant_04,2024-05-18 04:00:00,0.0
plant_01,2024-05-18 05:00:00,0.0
plant_02,2024-05-18 05:00:00,0.0024638195415958787
plant_03,2024-05-18 05:00:00,0.0
plant_04,2024-05-18 05:00:00,0.0
plant_01,2024-05-18 06:00:00,0.0016629180259552425
plant_02,2024-05-18 06:00:00,0.028849691691510995
plant_03,2024-05-18 06:00:00,0.0
plant_04,2024-05-18 06:00:00,0.016113715885256164
plant_01,2024-05-18 07:00:00,5.1880266984107
plant_02,2024-05-18 07:00:00,7.3626773456442915
plant_03,2024-05-18 07:00:00,9.64529697777235
plant_04,2024-05-18 07:00:00,14.323106758572353
plant_01,2024-05-18 08:00:00,11.602149697424545
plant_02,2024-05-18 08:00:00,16.881991933128635
plant_03,2024-05-18 08:00:00,17.22635140979274
plant_04,2024-05-18 08:00:00,26.766293940921166
plant_01,2024-05-18 09:00:00,19.105334630356214
plant_02,2024-05-18 09:00:00,24.56268935510055
plant_03,2024-05-18 09:00:00,33.98019958204845
plant_04,2024-05-18 09:00:00,35.86362299692543
plant_01,2024-05-18 10:00:00,22.037304087647325
plant_02,2024-05-18 10:00:00,29.718496935276324
plant_03,2024-05-18 10:00:00,36.37094477403298
plant_04,2024-05-18 10:00:00,42.04976165713305
plant_01,2024-05-18 11:00:00,21.170576357130344
plant_02,2024-05-18 11:00:00,31.99456826406475
plant_03,2024-05-18 11:00:00,43.42292511501963
plant_04,2024-05-18 11:00:00,53.053534896559036
plant_01,2024-05-18 12:00:00,22.84591463570628
plant_02,2024-05-18 12:00:00,32.32024873656595
plant_03,2024-05-18 12:00:00,37.94278258849014
plant_04,2024-05-18 12:00:00,50.81857848632557
plant_01,2024-05-18 13:00:00,20.565084280512448
plant_02,2024-05-18 13:00:00,28.015242817624557
plant_03,2024-05-18 13:00:00,39.5841637587188
plant_04,2024-05-18 13:00:00,45.0176980477052
plant_01,2024-05-18 14:00:00,20.949940690968685
plant_02,2024-05-18 14:00:00,27.02078414189439
plant_03,2024-05-18 14:00:00,39.315462458561896
plant_04,2024-05-18 14:00:00,42.01981848276367
plant_01,2024-05-18 15:00:00,18.70162704111588
plant_02,2024-05-18 15:00:00,28.387953994117016
plant_03,2024-05-18 15:00:00,34.31845797355982
plant_04,2024-05-18 15:00:00,41.982735257374976
plant_01,2024-05-18 16:00:00,13.162665288885682
plant_02,2024-05-18 16:00:00,16.114978676959424
plant_03,2024-05-18 16:00:00,23.081721944092635
plant_04,2024-05-18 16:00:00,25.67889333306349
plant_01,2024-05-18 17:00:00,6.974070709479965
plant_02,2024-05-18 17:00:00,8.186956640469798
plant_03,2024-05-18 17:00:00,13.019893180423916
plant_04,2024-05-18 17:00:00,13.7324352493503
plant_01,2024-05-18 18:00:00,0.09910442656386803
plant_02,2024-05-18 18:00:00,0.24414955628686155
plant_03,2024-05-18 18:00:00,0.06713638735458821
plant_04,2024-05-18 18:00:00,0.12636074059159208
plant_01,2024-05-18 19:00:00,0.004320474393334797
plant_02,2024-05-18 19:00:00,0.01528748868863478
plant_03,2024-05-18 19:00:00,0.0
plant_04,2024-05-18 19:00:00,0.0
plant_01,2024-05-18 20:00:00,0.0
plant_02,2024-05-18 20:00:00,0.00860672061033472
plant_03,2024-05-18 20:00:00,0.002319742532218113
plant_04,2024-05-18 20:00:00,0.014130797728861435
plant_01,2024-05-18 21:00:00,0.0
plant_02,2024-05-18 21:00:00,0.003966335030941726
plant_03,2024-05-18 21:00:00,0.00045554169525018344
plant_04,2024-05-18 21:00:00,0.0
plant_01,2024-05-18 22:00:00,0.0
plant_02,2024-05-18 22:00:00,0.0
plant_03,2024-05-18 22:00:00,0.0017564233890943288
plant_04,2024-05-18 22:00:00,0.0
plant_01,2024-05-18 23:00:00,0.04163148261611224
plant_02,2024-05-18 23:00:00,0.0
plant_03,2024-05-18 23:00:00,0.01066959912561533
plant_04,2024-05-18 23:00:00,0.0
plant_01,2024-05-19 00:00:00,0.0
plant_02,2024-05-19 00:00:00,0.0008005052620740332
plant_03,2024-05-19 00:00:00,0.0
plant_04,2024-05-19 00:00:00,0.009251228161140112
plant_01,2024-05-19 01:00:00,0.0
plant_02,2024-05-19 01:00:00,0.0
plant_03,2024-05-19 01:00:00,0.0
plant_04,2024-05-19 01:00:00,0.05823953655652298
plant_01,2024-05-19 02:00:00,0.0
plant_02,2024-05-19 02:00:00,0.04438271298423754
plant_03,2024-05-19 02:00:00,0.0010023374987576206
plant_04,2024-05-19 02:00:00,0.0
plant_01,2024-05-19 03:00:00,0.0
plant_02,2024-05-19 03:00:00,0.00908301315511817
plant_03,2024-05-19 03:00:00,0.0
plant_04,2024-05-19 03:00:00,0.001167363516499112
plant_01,2024-05-19 04:00:00,0.0
plant_02,2024-05-19 04:00:00,0.011014562692439183
plant_03,2024-05-19 04:00:00,0.007661697974079786
plant_04,2024-05-19 04:00:00,0.0225656040513244
plant_01,2024-05-19 05:00:00,0.0003089946373384644
plant_02,2024-05-19 05:00:00,0.008006661540903638
plant_03,2024-05-19 05:00:00,0.007661697974079786
plant_04,2024-05-19 05:00:00,0.003901892617587254
plant_01,2024-05-19 06:00:00,0.0
plant_02,2024-05-19 06:00:00,0.0
plant_03,2024-05-19 06:00:00,0.007661697974079786
plant_04,2024-05-19 06:00:00,0.0172878951650559
plant_01,2024-05-19 07:00:00,6.4662347525103865
plant_02,2024-05-19 07:00:00,8.146940906667178
plant_03,2024-05-19 07:00:00,8.39145073364595
plant_04,2024-05-19 07:00:00,11.416642538606371
plant_01,2024-05-19 08:00:00,13.388285081528009
plant_02,2024-05-19 08:00:00,14.921714458553542
plant_03,2024-05-19 08:00:00,21.14360632905358
plant_04,2024-05-19 08:00:00,27.80381859106324
plant_01,2024-05-19 09:00:00,18.661791454752322
plant_02,2024-05-19 09:00:00,23.501531632799885
plant_03,2024-05-19 09:00:00,28.19333157820829
plant_04,2024-05-19 09:00:00,34.9018916638381
plant_01,2024-05-19 10:00:00,20.153257320123142
plant_02,2024-05-19 10:00:00,27.295275143790764
plant_03,2024-05-19 10:00:00,36.86403154761384
plant_04,2024-05-19 10:00:00,44.71165382342037
plant_01,2024-05-19 11:00:00,21.509550612789358
plant_02,2024-05-19 11:00:00,31.667272580942694
plant_03,2024-05-19 11:00:00,39.77655082990097
plant_04,2024-05-19 11:00:00,53.78248510996648
plant_01,2024-05-19 12:00:00,22.879559385733653
plant_02,2024-05-19 12:00:00,30.360687330075745
plant_03,2024-05-19 12:00:00,39.65599513073563
plant_04,2024-05-19 12:00:00,53.68472425804389
plant_01,2024-05-19 13:00:00,20.47456653199591
plant_02,2024-05-19 13:00:00,28.59163256720953
plant_03,2024-05-19 13:00:00,36.76957632074848
plant_04,2024-05-19 13:00:00,52.20584317967354
plant_01,2024-05-19 14:00:00,22.419958707312077
plant_02,2024-05-19 14:00:00,30.56323981166824
plant_03,2024-05-19 14:00:00,37.10771863573099
plant_04,2024-05-19 14:00:00,49.365086264317334
plant_01,2024-05-19 15:00:00,20.676543288842925
plant_02,2024-05-19 15:00:00,27.662575349821843
plant_03,2024-05-19 15:00:00,34.836247322409235
plant_04,2024-05-19 15:00:00,40.80048132054007
plant_01,2024-05-19 16:00:00,15.499434037654623
plant_02,2024-05-19 16:00:00,19.898948698640872
plant_03,2024-05-19 16:00:00,25.2660109482029
plant_04,2024-05-19 16:00:00,29.26396467295143
plant_01,2024-05-19 17:00:00,6.607500893728363
plant_02,2024-05-19 17:00:00,9.738973467368178
plant_03,2024-05-19 17:00:00,12.61878032003674
plant_04,2024-05-19 17:00:00,13.944298139575519
plant_01,2024-05-19 18:00:00,3.9255704697895446
plant_02,2024-05-19 18:00:00,0.0
plant_03,2024-05-19 18:00:00,0.033250523155311684
plant_04,2024-05-19 18:00:00,0.041499721119071485
plant_01,2024-05-19 19:00:00,0.048496731582228204
plant_02,2024-05-19 19:00:00,0.0201999864361664
plant_03,2024-05-19 19:00:00,0.07781892331518422
plant_04,2024-05-19 19:00:00,0.4289274531502652
plant_01,2024-05-19 20:00:00,0.0
plant_02,2024-05-19 20:00:00,0.006775119288385144
plant_03,2024-05-19 20:00:00,0.46516324837647965
plant_04,2024-05-19 20:00:00,0.0
plant_01,2024-05-19 21:00:00,0.05129783911254295
plant_02,2024-05-19 21:00:00,0.0
plant_03,2024-05-19 21:00:00,0.002723286796817371
plant_04,2024-05-19 21:00:00,0.0
plant_01,2024-05-19 22:00:00,0.0
plant_02,2024-05-19 22:00:00,0.0
plant_03,2024-05-19 22:00:00,0.0
plant_04,2024-05-19 22:00:00,0.013705873803151707
plant_01,2024-05-19 23:00:00,0.0
plant_02,2024-05-19 23:00:00,0.0
plant_03,2024-05-19 23:00:00,0.007661697974079786
plant_04,2024-05-19 23:00:00,0.0
plant_01,2024-05-20 00:00:00,0.0
plant_02,2024-05-20 00:00:00,0.0
plant_03,2024-05-20 00:00:00,0.007661697974079786
plant_04,2024-05-20 00:00:00,0.0
plant_01,2024-05-20 01:00:00,0.0
plant_02,2024-05-20 01:00:00,0.0
plant_03,2024-05-20 01:00:00,0.0
plant_04,2024-05-20 01:00:00,0.004800034779952348
plant_01,2024-05-20 02:00:00,0.0
plant_02,2024-05-20 02:00:00,0.0
plant_03,2024-05-20 02:00:00,0.0
plant_04,2024-05-20 02:00:00,0.011174265196399608
plant_01,2024-05-20 03:00:00,0.0
plant_02,2024-05-20 03:00:00,0.00908301315511817
plant_03,2024-05-20 03:00:00,0.0
plant_04,2024-05-20 03:00:00,0.003901892617587254
plant_01,2024-05-20 04:00:00,0.0
plant_02,2024-05-20 04:00:00,0.0024638195415958787
plant_03,2024-05-20 04:00:00,0.012130525760847503
plant_04,2024-05-20 04:00:00,0.0022535137127495577
plant_01,2024-05-20 05:00:00,0.0
plant_02,2024-05-20 05:00:00,0.0
plant_03,2024-05-20 05:00:00,0.0
plant_04,2024-05-20 05:00:00,0.003901892617587254
plant_01,2024-05-20 06:00:00,0.002573795110917281
plant_02,2024-05-20 06:00:00,0.008006661540903638
plant_03,2024-05-20 06:00:00,0.01066959912561533
plant_04,2024-05-20 06:00:00,0.0058996584548910175
plant_01,2024-05-20 07:00:00,6.505604977106049
plant_02,2024-05-20 07:00:00,8.152690109361995
plant_03,2024-05-20 07:00:00,9.615423579063485
plant_04,2024-05-20 07:00:00,12.818180526238493
plant_01,2024-05-20 08:00:00,10.276971395939617
plant_02,2024-05-20 08:00:00,16.706474185422348
plant_03,2024-05-20 08:00:00,19.20937007756866
plant_04,2024-05-20 08:00:00,25.0021227957374
plant_01,2024-05-20 09:00:00,14.636057246858059
plant_02,2024-05-20 09:00:00,21.609392016193226
plant_03,2024-05-20 09:00:00,31.174239347945242
plant_04,2024-05-20 09:00:00,35.60166595582686
plant_01,2024-05-20 10:00:00,20.49338952694629
plant_02,2024-05-20 10:00:00,30.859200259527693
plant_03,2024-05-20 10:00:00,34.91796389544236
plant_04,2024-05-20 10:00:00,42.65991358884041
plant_01,2024-05-20 11:00:00,19.475307687027723
plant_02,2024-05-20 11:00:00,30.70316617396507
plant_03,2024-05-20 11:00:00,39.37745384886322
plant_04,2024-05-20 11:00:00,46.38792207102305
plant_01,2024-05-20 12:00:00,20.651532554977504
plant_02,2024-05-20 12:00:00,33.04320881147829
plant_03,2024-05-20 12:00:00,44.49835856925901
plant_04,2024-05-20 12:00:00,50.856213257087646
plant_01,2024-05-20 13:00:00,20.88128202846039
plant_02,2024-05-20 13:00:00,31.945861223941662
plant_03,2024-05-20 13:00:00,42.4586638407054
plant_04,2024-05-20 13:00:00,52.29127387883674
plant_01,2024-05-20 14:00:00,19.66292227373676
plant_02,2024-05-20 14:00:00,31.302340810102727
plant_03,2024-05-20 14:00:00,40.04300647226911
plant_04,2024-05-20 14:00:00,47.04084689582543
plant_01,2024-05-20 15:00:00,20.752481806319278
plant_02,2024-05-20 15:00:00,28.41809649445844
plant_03,2024-05-20 15:00:00,33.924494071960616
plant_04,2024-05-20 15:00:00,42.87424683883632
plant_01,2024-05-20 16:00:00,13.893597804109794
plant_02,2024-05-20 16:00:00,17.179438884520447
plant_03,2024-05-20 16:00:00,27.140016867580307
plant_04,2024-05-20 16:00:00,33.41994139329933
plant_01,2024-05-20 17:00:00,6.906013325379558
plant_02,2024-05-20 17:00:00,8.333754365401324
plant_03,2024-05-20 17:00:00,11.954189514248533
plant_04,2024-05-20 17:00:00,14.15630467805393
plant_01,2024-05-20 18:00:00,0.033210629302311646
plant_02,2024-05-20 18:00:00,0.004846833518073603
plant_03,2024-05-20 18:00:00,0.0356948190284749
plant_04,2024-05-20 18:00:00,0.001150480355023215
plant_01,2024-05-20 19:00:00,0.0
plant_02,2024-05-20 19:00:00,0.0
plant_03,2024-05-20 19:00:00,0.027341762584421305
plant_04,2024-05-20 19:00:00,0.015146559760695958
plant_01,2024-05-20 20:00:00,0.0
plant_02,2024-05-20 20:00:00,0.0
plant_03,2024-05-20 20:00:00,0.0
plant_04,2024-05-20 20:00:00,0.05847206755086722
plant_01,2024-05-20 21:00:00,0.0
plant_02,2024-05-20 21:00:00,0.0
plant_03,2024-05-20 21:00:00,0.0
plant_04,2024-05-20 21:00:00,0.0022535137127495577
plant_01,2024-05-20 22:00:00,0.0
plant_02,2024-05-20 22:00:00,0.010898050540157302
plant_03,2024-05-20 22:00:00,0.0
plant_04,2024-05-20 22:00:00,0.14181107158998557
plant_01,2024-05-20 23:00:00,0.0
plant_02,2024-05-20 23:00:00,0.0008005052620740332
plant_03,2024-05-20 23:00:00,0.0
plant_04,2024-05-20 23:00:00,0.0
plant_01,2024-05-21 00:00:00,0.0
plant_02,2024-05-21 00:00:00,0.0021013869559181786
plant_03,2024-05-21 00:00:00,0.01066959912561533
plant_04,2024-05-21 00:00:00,0.004800034779952348
plant_01,2024-05-21 01:00:00,0.0
plant_02,2024-05-21 01:00:00,0.004110239020041985
plant_03,2024-05-21 01:00:00,0.0
plant_04,2024-05-21 01:00:00,0.0
plant_01,2024-05-21 02:00:00,0.029900583998365905
plant_02,2024-05-21 02:00:00,0.008006661540903638
plant_03,2024-05-21 02:00:00,0.00942246395904819
plant_04,2024-05-21 02:00:00,0.0
plant_01,2024-05-21 03:00:00,0.0
plant_02,2024-05-21 03:00:00,0.004152074968323128
plant_03,2024-05-21 03:00:00,0.007661697974079786
plant_04,2024-05-21 03:00:00,0.009942722943881117
plant_01,2024-05-21 04:00:00,0.0
plant_02,2024-05-21 04:00:00,0.0
plant_03,2024-05-21 04:00:00,0.013343790750055332
plant_04,2024-05-21 04:00:00,0.0
plant_01,2024-05-21 05:00:00,0.0016629180259552425
plant_02,2024-05-21 05:00:00,0.00860672061033472
plant_03,2024-05-21 05:00:00,0.0010023374987576206
plant_04,2024-05-21 05:00:00,0.0
plant_01,2024-05-21 06:00:00,0.0
plant_02,2024-05-21 06:00:00,0.0
plant_03,2024-05-21 06:00:00,0.01066959912561533
plant_04,2024-05-21 06:00:00,0.0
plant_01,2024-05-21 07:00:00,5.552550179404766
plant_02,2024-05-21 07:00:00,7.17787359191392
plant_03,2024-05-21 07:00:00,10.93278300480684
plant_04,2024-05-21 07:00:00,14.557950830838502
plant_01,2024-05-21 08:00:00,12.93979974132356
plant_02,2024-05-21 08:00:00,18.60688120717733
plant_03,2024-05-21 08:00:00,19.633058221208223
plant_04,2024-05-21 08:00:00,27.485604674753205
plant_01,2024-05-21 09:00:00,20.88132476281623
plant_02,2024-05-21 09:00:00,23.957464340091786
plant_03,2024-05-21 09:00:00,29.467535964015287
plant_04,2024-05-21 09:00:00,34.9696035554733
plant_01,2024-05-21 10:00:00,21.196339997250536
plant_02,2024-05-21 10:00:00,29.777104134498277
plant_03,2024-05-21 10:00:00,39.40636173230571
plant_04,2024-05-21 10:00:00,46.08501440242054
plant_01,2024-05-21 11:00:00,20.999129803965758
plant_02,2024-05-21 11:00:00,25.75842506309763
plant_03,2024-05-21 11:00:00,40.54604255805865
plant_04,2024-05-21 11:00:00,41.9774023035974
plant_01,2024-05-21 12:00:00,21.817763259482252
plant_02,2024-05-21 12:00:00,28.341932960878395
plant_03,2024-05-21 12:00:00,40.82658774590909
plant_04,2024-05-21 12:00:00,52.48623018018326
plant_01,2024-05-21 13:00:00,24.15075515164448
plant_02,2024-05-21 13:00:00,32.85823538354135
plant_03,2024-05-21 13:00:00,38.85573663128604
plant_04,2024-05-21 13:00:00,46.13535701456457
plant_01,2024-05-21 14:00:00,22.24768963097276
plant_02,2024-05-21 14:00:00,30.76919444890582
plant_03,2024-05-21 14:00:00,40.66476372886378
plant_04,2024-05-21 14:00:00,47.65308395927433
plant_01,2024-05-21 15:00:00,18.34914782991997
plant_02,2024-05-21 15:00:00,24.4009593972712
plant_03,2024-05-21 15:00:00,30.695402779107187
plant_04,2024-05-21 15:00:00,46.14411620678661
plant_01,2024-05-21 16:00:00,13.53623888629494
plant_02,2024-05-21 16:00:00,20.264540200801598
plant_03,2024-05-21 16:00:00,24.208032162419684
plant_04,2024-05-21 16:00:00,27.969891401738828
plant_01,2024-05-21 17:00:00,8.187767039657814
plant_02,2024-05-21 17:00:00,8.624317093845024
plant_03,2024-05-21 17:00:00,12.484015969236184
plant_04,2024-05-21 17:00:00,15.201451329792699
plant_01,2024-05-21 18:00:00,0.026823216715981753
plant_02,2024-05-21 18:00:00,0.01762668215084947
plant_03,2024-05-21 18:00:00,0.0
plant_04,2024-05-21 18:00:00,0.025164703868895886
plant_01,2024-05-21 19:00:00,0.0
plant_02,2024-05-21 19:00:00,0.006709661810036664
plant_03,2024-05-21 19:00:00,0.0283272878627466
plant_04,2024-05-21 19:00:00,0.04343795059799556
plant_01,2024-05-21 20:00:00,0.04791209892400646
plant_02,2024-05-21 20:00:00,0.07187841498938315
plant_03,2024-05-21 20:00:00,0.018723304177370934
plant_04,2024-05-21 20:00:00,0.008626772254432206
plant_01,2024-05-21 21:00:00,0.0
plant_02,2024-05-21 21:00:00,0.0
plant_03,2024-05-21 21:00:00,0.0
plant_04,2024-05-21 21:00:00,0.0
plant_01,2024-05-21 22:00:00,0.0
plant_02,2024-05-21 22:00:00,0.012357077886977057
plant_03,2024-05-21 22:00:00,0.003355157760849928
plant_04,2024-05-21 22:00:00,0.0
plant_01,2024-05-21 23:00:00,0.0
plant_02,2024-05-21 23:00:00,0.008006661540903638
plant_03,2024-05-21 23:00:00,0.0
plant_04,2024-05-21 23:00:00,0.0007907656706801444
plant_01,2024-05-22 00:00:00,0.0
plant_02,2024-05-22 00:00:00,0.0
plant_03,2024-05-22 00:00:00,0.00010804448425663117
plant_04,2024-05-22 00:00:00,0.00745012614600231
plant_01,2024-05-22 01:00:00,0.0
plant_02,2024-05-22 01:00:00,0.006775119288385144
plant_03,2024-05-22 01:00:00,0.0
plant_04,2024-05-22 01:00:00,0.0
plant_01,2024-05-22 02:00:00,0.0
plant_02,2024-05-22 02:00:00,0.0
plant_03,2024-05-22 02:00:00,0.005066468200109123
plant_04,2024-05-22 02:00:00,0.0
plant_01,2024-05-22 03:00:00,0.0016629180259552425
plant_02,2024-05-22 03:00:00,0.0013473010655814708
plant_03,2024-05-22 03:00:00,0.009193093676021809
plant_04,2024-05-22 03:00:00,0.006446454258398455
plant_01,2024-05-22 04:00:00,0.0
plant_02,2024-05-22 04:00:00,0.006085571237616552
plant_03,2024-05-22 04:00:00,0.005730148436758777
plant_04,2024-05-22 04:00:00,0.013105814733720621
plant_01,2024-05-22 05:00:00,0.0
plant_02,2024-05-22 05:00:00,0.008006661540903638
plant_03,2024-05-22 05:00:00,0.008261757043510872
plant_04,2024-05-22 05:00:00,0.003901892617587254
plant_01,2024-05-22 06:00:00,0.0
plant_02,2024-05-22 06:00:00,0.011014562692439183
plant_03,2024-05-22 06:00:00,0.0
plant_04,2024-05-22 06:00:00,0.03557105551054029
plant_01,2024-05-22 07:00:00,6.344609743435401
plant_02,2024-05-22 07:00:00,8.02530372159611
plant_03,2024-05-22 07:00:00,10.684078214730244
plant_04,2024-05-22 07:00:00,11.305333971338147
plant_01,2024-05-22 08:00:00,13.520573998047418
plant_02,2024-05-22 08:00:00,17.59381844815079
plant_03,2024-05-22 08:00:00,26.42072761784695
plant_04,2024-05-22 08:00:00,34.3055781989021
plant_01,2024-05-22 09:00:00,17.271234604728527
plant_02,2024-05-22 09:00:00,19.813577229547437
plant_03,2024-05-22 09:00:00,32.15122460490386
plant_04,2024-05-22 09:00:00,36.34442633402113
plant_01,2024-05-22 10:00:00,20.470635785943703
plant_02,2024-05-22 10:00:00,30.143938145399922
plant_03,2024-05-22 10:00:00,33.917292089851344
plant_04,2024-05-22 10:00:00,43.86205896669659
plant_01,2024-05-22 11:00:00,22.037074087364644
plant_02,2024-05-22 11:00:00,30.52750329101693
plant_03,2024-05-22 11:00:00,33.74173266263078
plant_04,2024-05-22 11:00:00,47.307066931841106
plant_01,2024-05-22 12:00:00,24.09797750839617
plant_02,2024-05-22 12:00:00,30.56707395575305
plant_03,2024-05-22 12:00:00,41.09810751010639
plant_04,2024-05-22 12:00:00,47.12691955138166
plant_01,2024-05-22 13:00:00,21.489164824677278
plant_02,2024-05-22 13:00:00,30.626006737416482
plant_03,2024-05-22 13:00:00,40.703107327944146
plant_04,2024-05-22 13:00:00,52.65340326813371
plant_01,2024-05-22 14:00:00,20.35780321301288
plant_02,2024-05-22 14:00:00,31.327010351925384
plant_03,2024-05-22 14:00:00,34.527239424414724
plant_04,2024-05-22 14:00:00,46.79936295990798
plant_01,2024-05-22 15:00:00,20.008371400070196
plant_02,2024-05-22 15:00:00,30.244391200759285
plant_03,2024-05-22 15:00:00,31.13854351308446
plant_04,2024-05-22 15:00:00,41.79258777883524
plant_01,2024-05-22 16:00:00,14.133578349488541
plant_02,2024-05-22 16:00:00,15.18229578630642
plant_03,2024-05-22 16:00:00,22.68197056002409
plant_04,2024-05-22 16:00:00,26.19460309722184
plant_01,2024-05-22 17:00:00,6.546229081199388
plant_02,2024-05-22 17:00:00,7.520976742304484
plant_03,2024-05-22 17:00:00,11.822860517854988
plant_04,2024-05-22 17:00:00,14.990956453869643
plant_01,2024-05-22 18:00:00,0.0
plant_02,2024-05-22 18:00:00,0.0
plant_03,2024-05-22 18:00:00,0.0
plant_04,2024-05-22 18:00:00,0.15588821563168245
plant_01,2024-05-22 19:00:00,0.0
plant_02,2024-05-22 19:00:00,0.0
plant_03,2024-05-22 19:00:00,0.0
plant_04,2024-05-22 19:00:00,0.0
plant_01,2024-05-22 20:00:00,0.0
plant_02,2024-05-22 20:00:00,0.0
plant_03,2024-05-22 20:00:00,0.0
plant_04,2024-05-22 20:00:00,0.0
plant_01,2024-05-22 21:00:00,0.0
plant_02,2024-05-22 21:00:00,0.0
plant_03,2024-05-22 21:00:00,0.0
plant_04,2024-05-22 21:00:00,0.0
plant_01,2024-05-22 22:00:00,0.0
plant_02,2024-05-22 22:00:00,0.004666984735396821
plant_03,2024-05-22 22:00:00,0.007661697974079786
plant_04,2024-05-22 22:00:00,0.013105814733720621
plant_01,2024-05-22 23:00:00,0.0
plant_02,2024-05-22 23:00:00,0.0013473010655814708
plant_03,2024-05-22 23:00:00,0.008261757043510872
plant_04,2024-05-22 23:00:00,0.003901892617587254
plant_01,2024-05-23 00:00:00,0.0
plant_02,2024-05-23 00:00:00,0.0004530080510804805
plant_03,2024-05-23 00:00:00,0.006414562807512648
plant_04,2024-05-23 00:00:00,0.016113715885256164
plant_01,2024-05-23 01:00:00,0.0
plant_02,2024-05-23 01:00:00,0.0
plant_03,2024-05-23 01:00:00,0.003807111401499277
plant_04,2024-05-23 01:00:00,0.14241113065941663
plant_01,2024-05-23 02:00:00,0.0
plant_02,2024-05-23 02:00:00,0.009660639303822405
plant_03,2024-05-23 02:00:00,0.0037652754532181347
plant_04,2024-05-23 02:00:00,0.005199319091831317
plant_01,2024-05-23 03:00:00,0.0
plant_02,2024-05-23 03:00:00,0.0
plant_03,2024-05-23 03:00:00,0.0012448448655532152
plant_04,2024-05-23 03:00:00,0.0
plant_01,2024-05-23 04:00:00,0.0
plant_02,2024-05-23 04:00:00,0.0013771858649186714
plant_03,2024-05-23 04:00:00,0.0
plant_04,2024-05-23 04:00:00,0.016113715885256164
plant_01,2024-05-23 05:00:00,0.0
plant_02,2024-05-23 05:00:00,0.00860672061033472
plant_03,2024-05-23 05:00:00,0.0
plant_04,2024-05-23 05:00:00,0.006446454258398455
plant_01,2024-05-23 06:00:00,0.0
plant_02,2024-05-23 06:00:00,0.007778972535663554
plant_03,2024-05-23 06:00:00,0.01066959912561533
plant_04,2024-05-23 06:00:00,0.0
plant_01,2024-05-23 07:00:00,5.2996016755608375
plant_02,2024-05-23 07:00:00,7.1819398177227525
plant_03,2024-05-23 07:00:00,12.623049539220197
plant_04,2024-05-23 07:00:00,14.962693982507345
plant_01,2024-05-23 08:00:00,11.791949351469954
plant_02,2024-05-23 08:00:00,14.785243071595561
plant_03,2024-05-23 08:00:00,24.643073841559936
plant_04,2024-05-23 08:00:00,24.740212504667646
plant_01,2024-05-23 09:00:00,16.33836597223656
plant_02,2024-05-23 09:00:00,21.09255222005725
plant_03,2024-05-23 09:00:00,31.012892255934272
plant_04,2024-05-23 09:00:00,41.63624507325213
plant_01,2024-05-23 10:00:00,18.131768136882837
plant_02,2024-05-23 10:00:00,30.900940436380953
plant_03,2024-05-23 10:00:00,35.35201787631944
plant_04,2024-05-23 10:00:00,44.286644033049235
plant_01,2024-05-23 11:00:00,23.08897782576825
plant_02,2024-05-23 11:00:00,27.779706672885062
plant_03,2024-05-23 11:00:00,41.7860864601338
plant_04,2024-05-23 11:00:00,44.593757390459956
plant_01,2024-05-23 12:00:00,23.388047579343272
plant_02,2024-05-23 12:00:00,31.504487767277926
plant_03,2024-05-23 12:00:00,42.20767389502047
plant_04,2024-05-23 12:00:00,47.585878491023145
plant_01,2024-05-23 13:00:00,24.73679320584954
plant_02,2024-05-23 13:00:00,32.65826126713083
plant_03,2024-05-23 13:00:00,44.27629491129741
plant_04,2024-05-23 13:00:00,45.591573159708624
plant_01,2024-05-23 14:00:00,20.36537710344072
plant_02,2024-05-23 14:00:00,28.786205972118136
plant_03,2024-05-23 14:00:00,42.044552338864676
plant_04,2024-05-23 14:00:00,51.87594428750038
plant_01,2024-05-23 15:00:00,20.462057278208277
plant_02,2024-05-23 15:00:00,21.61726626743358
plant_03,2024-05-23 15:00:00,35.04499290106789
plant_04,2024-05-23 15:00:00,36.977150339686624
plant_01,2024-05-23 16:00:00,14.54837376468672
plant_02,2024-05-23 16:00:00,17.70833514686814
plant_03,2024-05-23 16:00:00,23.528151620848494
plant_04,2024-05-23 16:00:00,27.416858062953285
plant_01,2024-05-23 17:00:00,8.78086643905898
plant_02,2024-05-23 17:00:00,8.420023058346535
plant_03,2024-05-23 17:00:00,13.159125250696714
plant_04,2024-05-23 17:00:00,12.75471428097891
plant_01,2024-05-23 18:00:00,0.0
plant_02,2024-05-23 18:00:00,0.0
plant_03,2024-05-23 18:00:00,0.08360336874706129
plant_04,2024-05-23 18:00:00,0.04905319957958784
plant_01,2024-05-23 19:00:00,0.0
plant_02,2024-05-23 19:00:00,0.1263726868450952
plant_03,2024-05-23 19:00:00,0.0005182042630665885
plant_04,2024-05-23 19:00:00,0.025864251582472304
plant_01,2024-05-23 20:00:00,0.0
plant_02,2024-05-23 20:00:00,0.012357077886977057
plant_03,2024-05-23 20:00:00,0.0
plant_04,2024-05-23 20:00:00,0.0
plant_01,2024-05-23 21:00:00,0.0
plant_02,2024-05-23 21:00:00,0.0
plant_03,2024-05-23 21:00:00,0.0
plant_04,2024-05-23 21:00:00,0.013705873803151707
plant_01,2024-05-23 22:00:00,0.0
plant_02,2024-05-23 22:00:00,0.0
plant_03,2024-05-23 22:00:00,0.008261757043510872
plant_04,2024-05-23 22:00:00,0.0
plant_01,2024-05-23 23:00:00,0.0
plant_02,2024-05-23 23:00:00,0.0
plant_03,2024-05-23 23:00:00,0.0
plant_04,2024-05-23 23:00:00,0.010369280967517339
plant_01,2024-05-24 00:00:00,0.0
plant_02,2024-05-24 00:00:00,0.006775119288385144
plant_03,2024-05-24 00:00:00,0.0037652754532181347
plant_04,2024-05-24 00:00:00,0.0022535137127495577
plant_01,2024-05-24 01:00:00,0.0
plant_02,2024-05-24 01:00:00,0.0
plant_03,2024-05-24 01:00:00,0.008261757043510872
plant_04,2024-05-24 01:00:00,0.013105814733720621
plant_01,2024-05-24 02:00:00,0.0
plant_02,2024-05-24 02:00:00,0.00860672061033472
plant_03,2024-05-24 02:00:00,0.0
plant_04,2024-05-24 02:00:00,0.0
plant_01,2024-05-24 03:00:00,0.0
plant_02,2024-05-24 03:00:00,0.010390106785731273
plant_03,2024-05-24 03:00:00,0.005066468200109123
plant_04,2024-05-24 03:00:00,0.047406780101141736
plant_01,2024-05-24 04:00:00,0.0
plant_02,2024-05-24 04:00:00,0.006775119288385144
plant_03,2024-05-24 04:00:00,0.009315675736998557
plant_04,2024-05-24 04:00:00,0.016113715885256164
plant_01,2024-05-24 05:00:00,0.0
plant_02,2024-05-24 05:00:00,0.0
plant_03,2024-05-24 05:00:00,0.0
plant_04,2024-05-24 05:00:00,0.013105814733720621
plant_01,2024-05-24 06:00:00,0.04094012292689697
plant_02,2024-05-24 06:00:00,0.011014562692439183
plant_03,2024-05-24 06:00:00,0.007661697974079786
plant_04,2024-05-24 06:00:00,0.014182166347935152
plant_01,2024-05-24 07:00:00,5.7643814226660135
plant_02,2024-05-24 07:00:00,7.359843682909093
plant_03,2024-05-24 07:00:00,9.390370873046797
plant_04,2024-05-24 07:00:00,13.67527644568537
plant_01,2024-05-24 08:00:00,11.786744261209538
plant_02,2024-05-24 08:00:00,15.136324540070735
plant_03,2024-05-24 08:00:00,24.220036258251174
plant_04,2024-05-24 08:00:00,34.0438328706127
plant_01,2024-05-24 09:00:00,16.226590881346194
plant_02,2024-05-24 09:00:00,19.869122759806103
plant_03,2024-05-24 09:00:00,32.79646474590623
plant_04,2024-05-24 09:00:00,38.291496834713634
plant_01,2024-05-24 10:00:00,19.908454804430285
plant_02,2024-05-24 10:00:00,29.757951311705035
plant_03,2024-05-24 10:00:00,38.01877053960169
plant_04,2024-05-24 10:00:00,44.51267670731401
plant_01,2024-05-24 11:00:00,21.084395797514937
plant_02,2024-05-24 11:00:00,28.38238695333443
plant_03,2024-05-24 11:00:00,43.11651721611731
plant_04,2024-05-24 11:00:00,47.24979864305146
plant_01,2024-05-24 12:00:00,22.898350521932784
plant_02,2024-05-24 12:00:00,32.17421054441133
plant_03,2024-05-24 12:00:00,34.94204374598929
plant_04,2024-05-24 12:00:00,51.91169705323058
plant_01,2024-05-24 13:00:00,24.027298576760572
plant_02,2024-05-24 13:00:00,29.81656022721447
plant_03,2024-05-24 13:00:00,40.69648547964979
plant_04,2024-05-24 13:00:00,54.909057611592715
plant_01,2024-05-24 14:00:00,22.913284099993124
plant_02,2024-05-24 14:00:00,30.3392994706722
plant_03,2024-05-24 14:00:00,36.00692856865009
plant_04,2024-05-24 14:00:00,46.99075205142866
plant_01,2024-05-24 15:00:00,16.089346168109195
plant_02,2024-05-24 15:00:00,25.70339315217446
plant_03,2024-05-24 15:00:00,29.20250044537381
plant_04,2024-05-24 15:00:00,36.97265103172705
plant_01,2024-05-24 16:00:00,10.783110284368822
plant_02,2024-05-24 16:00:00,17.989507024208176
plant_03,2024-05-24 16:00:00,27.445719619017602
plant_04,2024-05-24 16:00:00,30.559481872234155
plant_01,2024-05-24 17:00:00,8.78419417163034
plant_02,2024-05-24 17:00:00,8.77901240271277
plant_03,2024-05-24 17:00:00,10.21864155428683
plant_04,2024-05-24 17:00:00,13.907838561064125
plant_01,2024-05-24 18:00:00,0.0
plant_02,2024-05-24 18:00:00,0.0
plant_03,2024-05-24 18:00:00,0.01156177812211071
plant_04,2024-05-24 18:00:00,0.03195842930520237
plant_01,2024-05-24 19:00:00,0.030196106406153236
plant_02,2024-05-24 19:00:00,0.0
plant_03,2024-05-24 19:00:00,0.030539140369130923
plant_04,2024-05-24 19:00:00,0.006688961625194048
plant_01,2024-05-24 20:00:00,0.0
plant_02,2024-05-24 20:00:00,0.010390106785731273
plant_03,2024-05-24 20:00:00,0.004058918491246993
plant_04,2024-05-24 20:00:00,0.05787179348435538
plant_01,2024-05-24 21:00:00,0.0
plant_02,2024-05-24 21:00:00,0.0
plant_03,2024-05-24 21:00:00,0.0
plant_04,2024-05-24 21:00:00,0.0
plant_01,2024-05-24 22:00:00,0.04413131986844643
plant_02,2024-05-24 22:00:00,0.031051074525293702
plant_03,2024-05-24 22:00:00,0.020708907256304542
plant_04,2024-05-24 22:00:00,0.0
plant_01,2024-05-24 23:00:00,0.0
plant_02,2024-05-24 23:00:00,0.0
plant_03,2024-05-24 23:00:00,0.006430155721561294
plant_04,2024-05-24 23:00:00,0.011858679567153477
plant_01,2024-05-25 00:00:00,0.0
plant_02,2024-05-25 00:00:00,0.0
plant_03,2024-05-25 00:00:00,0.0
plant_04,2024-05-25 00:00:00,0.014759792496639388
plant_01,2024-05-25 01:00:00,0.0
plant_02,2024-05-25 01:00:00,0.0
plant_03,2024-05-25 01:00:00,0.0
plant_04,2024-05-25 01:00:00,0.0
plant_01,2024-05-25 02:00:00,0.0
plant_02,2024-05-25 02:00:00,0.008006661540903638
plant_03,2024-05-25 02:00:00,0.0642870220738701
plant_04,2024-05-25 02:00:00,0.0
plant_01,2024-05-25 03:00:00,0.0
plant_02,2024-05-25 03:00:00,0.004811372697501887
plant_03,2024-05-25 03:00:00,0.007661697974079786
plant_04,2024-05-25 03:00:00,0.0
plant_01,2024-05-25 04:00:00,0.0
plant_02,2024-05-25 04:00:00,0.0
plant_03,2024-05-25 04:00:00,0.0
plant_04,2024-05-25 04:00:00,0.013705873803151707
plant_01,2024-05-25 05:00:00,0.0
plant_02,2024-05-25 05:00:00,0.00860672061033472
plant_03,2024-05-25 05:00:00,0.008261757043510872
plant_04,2024-05-25 05:00:00,0.0007907656706801444
plant_01,2024-05-25 06:00:00,0.0
plant_02,2024-05-25 06:00:00,0.00908301315511817
plant_03,2024-05-25 06:00:00,0.0010023374987576206
plant_04,2024-05-25 06:00:00,0.0
plant_01,2024-05-25 07:00:00,5.674833018266099
plant_02,2024-05-25 07:00:00,8.031238759280155
plant_03,2024-05-25 07:00:00,9.688899527239881
plant_04,2024-05-25 07:00:00,15.428844213409096
plant_01,2024-05-25 08:00:00,12.160351258309658
plant_02,2024-05-25 08:00:00,14.84682257771333
plant_03,2024-05-25 08:00:00,17.4626701763232
plant_04,2024-05-25 08:00:00,29.073895962687903
plant_01,2024-05-25 09:00:00,16.39614354077187
plant_02,2024-05-25 09:00:00,28.06778747024565
plant_03,2024-05-25 09:00:00,31.820013548446227
plant_04,2024-05-25 09:00:00,36.553224629944545
plant_01,2024-05-25 10:00:00,20.273202480914406
plant_02,2024-05-25 10:00:00,25.341516167293094
plant_03,2024-05-25 10:00:00,34.97784231746355
plant_04,2024-05-25 10:00:00,47.13857408588889
plant_01,2024-05-25 11:00:00,19.440926845963645
plant_02,2024-05-25 11:00:00,32.05521274125273
plant_03,2024-05-25 11:00:00,42.48442635883866
plant_04,2024-05-25 11:00:00,53.656885458662956
plant_01,2024-05-25 12:00:00,21.50681728126901
plant_02,2024-05-25 12:00:00,27.26162246082596
plant_03,2024-05-25 12:00:00,40.18085774515121
plant_04,2024-05-25 12:00:00,50.383039634214164
plant_01,2024-05-25 13:00:00,23.349335416654366
plant_02,2024-05-25 13:00:00,32.61708171091484
plant_03,2024-05-25 13:00:00,41.58710589191198
plant_04,2024-05-25 13:00:00,48.055769783679075
plant_01,2024-05-25 14:00:00,21.925904148443895
plant_02,2024-05-25 14:00:00,26.72870277661629
plant_03,2024-05-25 14:00:00,36.36229727773731
plant_04,2024-05-25 14:00:00,51.14420136618269
plant_01,2024-05-25 15:00:00,18.792085492984963
plant_02,2024-05-25 15:00:00,25.774891691784006
plant_03,2024-05-25 15:00:00,34.67406983255294
plant_04,2024-05-25 15:00:00,40.255105620297286
plant_01,2024-05-25 16:00:00,13.877419046718835
plant_02,2024-05-25 16:00:00,19.969376421604395
plant_03,2024-05-25 16:00:00,22.72532126890629
plant_04,2024-05-25 16:00:00,27.3044363713333
plant_01,2024-05-25 17:00:00,7.997082688477032
plant_02,2024-05-25 17:00:00,9.130807635070811
plant_03,2024-05-25 17:00:00,12.26488281358532
plant_04,2024-05-25 17:00:00,15.23718302699626
plant_01,2024-05-25 18:00:00,0.0
plant_02,2024-05-25 18:00:00,0.20032079885423817
plant_03,2024-05-25 18:00:00,0.05571341939680665
plant_04,2024-05-25 18:00:00,0.20327364109672186
plant_01,2024-05-25 19:00:00,0.0
plant_02,2024-05-25 19:00:00,0.0
plant_03,2024-05-25 19:00:00,0.004767179594232767
plant_04,2024-05-25 19:00:00,0.013105814733720621
plant_01,2024-05-25 20:00:00,0.0
plant_02,2024-05-25 20:00:00,0.0
plant_03,2024-05-25 20:00:00,0.0
plant_04,2024-05-25 20:00:00,0.0
plant_01,2024-05-25 21:00:00,0.0
plant_02,2024-05-25 21:00:00,0.0
plant_03,2024-05-25 21:00:00,0.0029713721229719285
plant_04,2024-05-25 21:00:00,0.0069724090525830375
plant_01,2024-05-25 22:00:00,0.0
plant_02,2024-05-25 22:00:00,0.00860672061033472
plant_03,2024-05-25 22:00:00,0.0
plant_04,2024-05-25 22:00:00,0.0
plant_01,2024-05-25 23:00:00,0.0
plant_02,2024-05-25 23:00:00,0.0
plant_03,2024-05-25 23:00:00,0.044219936746103916
plant_04,2024-05-25 23:00:00,0.0
plant_01,2024-05-26 00:00:00,0.0
plant_02,2024-05-26 00:00:00,0.0
plant_03,2024-05-26 00:00:00,0.0
plant_04,2024-05-26 00:00:00,0.0
plant_01,2024-05-26 01:00:00,0.0
plant_02,2024-05-26 01:00:00,0.004843569751064134
plant_03,2024-05-26 01:00:00,0.0
plant_04,2024-05-26 01:00:00,0.0
plant_01,2024-05-26 02:00:00,0.0
plant_02,2024-05-26 02:00:00,0.0004530080510804805
plant_03,2024-05-26 02:00:00,0.004707928775448126
plant_04,2024-05-26 02:00:00,0.0028684852426313382
plant_01,2024-05-26 03:00:00,0.0
plant_02,2024-05-26 03:00:00,0.0
plant_03,2024-05-26 03:00:00,0.00790038008140174
plant_04,2024-05-26 03:00:00,0.015576876683184577
plant_01,2024-05-26 04:00:00,0.03229406507390772
plant_02,2024-05-26 04:00:00,0.0004530080510804805
plant_03,2024-05-26 04:00:00,0.0
plant_04,2024-05-26 04:00:00,0.011858679567153477
plant_01,2024-05-26 05:00:00,0.0
plant_02,2024-05-26 05:00:00,0.0
plant_03,2024-05-26 05:00:00,0.0
plant_04,2024-05-26 05:00:00,0.0
plant_01,2024-05-26 06:00:00,0.0
plant_02,2024-05-26 06:00:00,0.0
plant_03,2024-05-26 06:00:00,0.0
plant_04,2024-05-26 06:00:00,0.0
plant_01,2024-05-26 07:00:00,5.230424694388426
plant_02,2024-05-26 07:00:00,8.512553357837856
plant_03,2024-05-26 07:00:00,8.930868144594418
plant_04,2024-05-26 07:00:00,11.000504491388487
plant_01,2024-05-26 08:00:00,12.130849568144114
plant_02,2024-05-26 08:00:00,17.1521792438759
plant_03,2024-05-26 08:00:00,20.733552100033133
plant_04,2024-05-26 08:00:00,31.328982545647552
plant_01,2024-05-26 09:00:00,17.76715568227031
plant_02,2024-05-26 09:00:00,26.90660354329455
plant_03,2024-05-26 09:00:00,30.15713557747578
plant_04,2024-05-26 09:00:00,39.664737098838515
plant_01,2024-05-26 10:00:00,19.631746437066294
plant_02,2024-05-26 10:00:00,28.643145536309156
plant_03,2024-05-26 10:00:00,36.717357276646794
plant_04,2024-05-26 10:00:00,54.111734859842365
plant_01,2024-05-26 11:00:00,21.095870320993285
plant_02,2024-05-26 11:00:00,30.15660060122933
plant_03,2024-05-26 11:00:00,40.23935396845153
plant_04,2024-05-26 11:00:00,52.71495780130869
plant_01,2024-05-26 12:00:00,21.728815358254064
plant_02,2024-05-26 12:00:00,31.76298894064512
plant_03,2024-05-26 12:00:00,41.270678701367345
plant_04,2024-05-26 12:00:00,50.94587221380055
plant_01,2024-05-26 13:00:00,20.47802577561764
plant_02,2024-05-26 13:00:00,32.16639982550484
plant_03,2024-05-26 13:00:00,44.20291247990613
plant_04,2024-05-26 13:00:00,50.8684212132778
plant_01,2024-05-26 14:00:00,20.54880035849389
plant_02,2024-05-26 14:00:00,29.107134166057985
plant_03,2024-05-26 14:00:00,39.35800381323639
plant_04,2024-05-26 14:00:00,47.584290439164995
plant_01,2024-05-26 15:00:00,18.170767011721605
plant_02,2024-05-26 15:00:00,25.850527936151355
plant_03,2024-05-26 15:00:00,34.20873626475894
plant_04,2024-05-26 15:00:00,44.30504074110867
plant_01,2024-05-26 16:00:00,13.24314797566992
plant_02,2024-05-26 16:00:00,16.725569315293058
plant_03,2024-05-26 16:00:00,23.350512811086695
plant_04,2024-05-26 16:00:00,29.203938508494616
plant_01,2024-05-26 17:00:00,7.267569246461064
plant_02,2024-05-26 17:00:00,11.524080318667774
plant_03,2024-05-26 17:00:00,10.527251310175698
plant_04,2024-05-26 17:00:00,14.709378452919463
plant_01,2024-05-26 18:00:00,0.0016629180259552425
plant_02,2024-05-26 18:00:00,0.006457793598585462
plant_03,2024-05-26 18:00:00,0.056923632597774214
plant_04,2024-05-26 18:00:00,0.04694083404784449
plant_01,2024-05-26 19:00:00,0.0245664565785723
plant_02,2024-05-26 19:00:00,0.1327463713795648
plant_03,2024-05-26 19:00:00,0.008942109861181081
plant_04,2024-05-26 19:00:00,0.0
plant_01,2024-05-26 20:00:00,0.0
plant_02,2024-05-26 20:00:00,0.0008005052620740332
plant_03,2024-05-26 20:00:00,0.0
plant_04,2024-05-26 20:00:00,0.0
plant_01,2024-05-26 21:00:00,0.0
plant_02,2024-05-26 21:00:00,0.10950978307685774
plant_03,2024-05-26 21:00:00,0.00045554169525018344
plant_04,2024-05-26 21:00:00,0.0058996584548910175
plant_01,2024-05-26 22:00:00,0.0
plant_02,2024-05-26 22:00:00,0.008006661540903638
plant_03,2024-05-26 22:00:00,0.0
plant_04,2024-05-26 22:00:00,0.0
plant_01,2024-05-26 23:00:00,0.0
plant_02,2024-05-26 23:00:00,0.0
plant_03,2024-05-26 23:00:00,0.0
plant_04,2024-05-26 23:00:00,0.00821954421915018
plant_01,2024-05-27 00:00:00,0.0
plant_02,2024-05-27 00:00:00,0.0
plant_03,2024-05-27 00:00:00,0.007661697974079786
plant_04,2024-05-27 00:00:00,0.0
plant_01,2024-05-27 01:00:00,0.02474094735702557
plant_02,2024-05-27 01:00:00,0.0
plant_03,2024-05-27 01:00:00,0.008261757043510872
plant_04,2024-05-27 01:00:00,0.013705873803151707
plant_01,2024-05-27 02:00:00,0.0
plant_02,2024-05-27 02:00:00,0.0
plant_03,2024-05-27 02:00:00,0.0
plant_04,2024-05-27 02:00:00,0.0
plant_01,2024-05-27 03:00:00,0.0016629180259552425
plant_02,2024-05-27 03:00:00,0.008006661540903638
plant_03,2024-05-27 03:00:00,0.0
plant_04,2024-05-27 03:00:00,0.0046871881915417956
plant_01,2024-05-27 04:00:00,0.0
plant_02,2024-05-27 04:00:00,0.006775119288385144
plant_03,2024-05-27 04:00:00,0.0
plant_04,2024-05-27 04:00:00,0.0046871881915417956
plant_01,2024-05-27 05:00:00,0.0
plant_02,2024-05-27 05:00:00,0.00953805724284566
plant_03,2024-05-27 05:00:00,0.00942246395904819
plant_04,2024-05-27 05:00:00,0.006218583893483818
plant_01,2024-05-27 06:00:00,0.03434665394699973
plant_02,2024-05-27 06:00:00,0.0
plant_03,2024-05-27 06:00:00,0.007661697974079786
plant_04,2024-05-27 06:00:00,0.14241113065941663
plant_01,2024-05-27 07:00:00,6.319256864250386
plant_02,2024-05-27 07:00:00,7.3450178775511485
plant_03,2024-05-27 07:00:00,10.880001791779137
plant_04,2024-05-27 07:00:00,11.733740026442025
plant_01,2024-05-27 08:00:00,11.235377328280407
plant_02,2024-05-27 08:00:00,15.550945706129287
plant_03,2024-05-27 08:00:00,24.571526034111866
plant_04,2024-05-27 08:00:00,24.09370038538426
plant_01,2024-05-27 09:00:00,18.170993761266413
plant_02,2024-05-27 09:00:00,26.391392607165866
plant_03,2024-05-27 09:00:00,32.469891903159116
plant_04,2024-05-27 09:00:00,30.85973490326949
plant_01,2024-05-27 10:00:00,18.82135609382431
plant_02,2024-05-27 10:00:00,31.431593928136504
plant_03,2024-05-27 10:00:00,37.22084588789709
plant_04,2024-05-27 10:00:00,46.93645202271472
plant_01,2024-05-27 11:00:00,21.27507636701897
plant_02,2024-05-27 11:00:00,30.133485146725317
plant_03,2024-05-27 11:00:00,43.06206360805814
plant_04,2024-05-27 11:00:00,53.297093552216204
plant_01,2024-05-27 12:00:00,24.1546789554372
plant_02,2024-05-27 12:00:00,33.63631053457116
plant_03,2024-05-27 12:00:00,41.88480031258701
plant_04,2024-05-27 12:00:00,52.18897111027483
plant_01,2024-05-27 13:00:00,22.99635354150347
plant_02,2024-05-27 13:00:00,30.867280121244235
plant_03,2024-05-27 13:00:00,37.396483372036855
plant_04,2024-05-27 13:00:00,49.82340753336251
plant_01,2024-05-27 14:00:00,20.169341209834094
plant_02,2024-05-27 14:00:00,29.499091118322944
plant_03,2024-05-27 14:00:00,41.935686305274416
plant_04,2024-05-27 14:00:00,46.18011810564675
plant_01,2024-05-27 15:00:00,21.36289714096329
plant_02,2024-05-27 15:00:00,26.086272385659356
plant_03,2024-05-27 15:00:00,29.64310688085834
plant_04,2024-05-27 15:00:00,40.68539494624337
plant_01,2024-05-27 16:00:00,12.506328524243234
plant_02,2024-05-27 16:00:00,17.032171959008345
plant_03,2024-05-27 16:00:00,20.27869485621131
plant_04,2024-05-27 16:00:00,29.497446374911256
plant_01,2024-05-27 17:00:00,9.320111324959923
plant_02,2024-05-27 17:00:00,9.452784503851134
plant_03,2024-05-27 17:00:00,12.368695432551863
plant_04,2024-05-27 17:00:00,13.062939486483529
plant_01,2024-05-27 18:00:00,0.0
plant_02,2024-05-27 18:00:00,0.39183486924888256
plant_03,2024-05-27 18:00:00,0.0
plant_04,2024-05-27 18:00:00,0.0
plant_01,2024-05-27 19:00:00,0.0
plant_02,2024-05-27 19:00:00,0.12564139525645227
plant_03,2024-05-27 19:00:00,0.030163866970490658
plant_04,2024-05-27 19:00:00,0.0
plant_01,2024-05-27 20:00:00,0.0
plant_02,2024-05-27 20:00:00,0.0013473010655814708
plant_03,2024-05-27 20:00:00,0.011099882776840897
plant_04,2024-05-27 20:00:00,0.0
plant_01,2024-05-27 21:00:00,0.0
plant_02,2024-05-27 21:00:00,0.012357077886977057
plant_03,2024-05-27 21:00:00,0.0038181771760100237
plant_04,2024-05-27 21:00:00,0.0
plant_01,2024-05-27 22:00:00,0.003992381613137013
plant_02,2024-05-27 22:00:00,0.0
plant_03,2024-05-27 22:00:00,0.0
plant_04,2024-05-27 22:00:00,0.0
plant_01,2024-05-27 23:00:00,0.0
plant_02,2024-05-27 23:00:00,0.0
plant_03,2024-05-27 23:00:00,0.006414562807512648
plant_04,2024-05-27 23:00:00,0.04879745180630066
plant_01,2024-05-28 00:00:00,0.0
plant_02,2024-05-28 00:00:00,0.0
plant_03,2024-05-28 00:00:00,0.0
plant_04,2024-05-28 00:00:00,0.013705873803151707
plant_01,2024-05-28 01:00:00,0.0
plant_02,2024-05-28 01:00:00,0.0
plant_03,2024-05-28 01:00:00,0.003807111401499277
plant_04,2024-05-28 01:00:00,0.013495624130987241
plant_01,2024-05-28 02:00:00,0.03571076305848688
plant_02,2024-05-28 02:00:00,0.00860672061033472
plant_03,2024-05-28 02:00:00,0.00432202116857297
plant_04,2024-05-28 02:00:00,0.006446454258398455
plant_01,2024-05-28 03:00:00,0.0
plant_02,2024-05-28 03:00:00,0.008006661540903638
plant_03,2024-05-28 03:00:00,0.01066959912561533
plant_04,2024-05-28 03:00:00,0.0
plant_01,2024-05-28 04:00:00,0.0
plant_02,2024-05-28 04:00:00,0.00860672061033472
plant_03,2024-05-28 04:00:00,0.01066959912561533
plant_04,2024-05-28 04:00:00,0.0
plant_01,2024-05-28 05:00:00,0.0
plant_02,2024-05-28 05:00:00,0.011014562692439183
plant_03,2024-05-28 05:00:00,0.003355157760849928
plant_04,2024-05-28 05:00:00,0.011174265196399608
plant_01,2024-05-28 06:00:00,0.0
plant_02,2024-05-28 06:00:00,0.008245343648225592
plant_03,2024-05-28 06:00:00,0.0
plant_04,2024-05-28 06:00:00,0.0070706334363694326
plant_01,2024-05-28 07:00:00,5.90761969654977
plant_02,2024-05-28 07:00:00,9.764358293796262
plant_03,2024-05-28 07:00:00,10.233981630083617
plant_04,2024-05-28 07:00:00,12.84414960611545
plant_01,2024-05-28 08:00:00,11.730948527234164
plant_02,2024-05-28 08:00:00,15.177657773950841
plant_03,2024-05-28 08:00:00,19.419746800200517
plant_04,2024-05-28 08:00:00,24.45334000202664
plant_01,2024-05-28 09:00:00,17.40989463436377
plant_02,2024-05-28 09:00:00,23.93879256899214
plant_03,2024-05-28 09:00:00,33.42050059816911
plant_04,2024-05-28 09:00:00,28.495137637792702
plant_01,2024-05-28 10:00:00,14.939807650746332
plant_02,2024-05-28 10:00:00,29.937617966864096
plant_03,2024-05-28 10:00:00,37.03867216730346
plant_04,2024-05-28 10:00:00,47.71781352906802
plant_01,2024-05-28 11:00:00,21.402845029277927
plant_02,2024-05-28 11:00:00,32.19112711865984
plant_03,2024-05-28 11:00:00,40.55156534274367
plant_04,2024-05-28 11:00:00,51.59958511497956
plant_01,2024-05-28 12:00:00,24.671642308391576
plant_02,2024-05-28 12:00:00,34.01159616046154
plant_03,2024-05-28 12:00:00,43.80505663724505
plant_04,2024-05-28 12:00:00,52.768434321252705
plant_01,2024-05-28 13:00:00,20.088419781870527
plant_02,2024-05-28 13:00:00,32.41267328244242
plant_03,2024-05-28 13:00:00,35.62318215859006
plant_04,2024-05-28 13:00:00,51.720796369550385
plant_01,2024-05-28 14:00:00,20.23437527594597
plant_02,2024-05-28 14:00:00,30.139915520697777
plant_03,2024-05-28 14:00:00,36.160125667062765
plant_04,2024-05-28 14:00:00,48.65700289349725
plant_01,2024-05-28 15:00:00,18.08779632139283
plant_02,2024-05-28 15:00:00,24.877077650601162
plant_03,2024-05-28 15:00:00,34.66991433347188
plant_04,2024-05-28 15:00:00,35.10786673785056
plant_01,2024-05-28 16:00:00,11.773167032761402
plant_02,2024-05-28 16:00:00,19.15879809952707
plant_03,2024-05-28 16:00:00,24.250633047892762
plant_04,2024-05-28 16:00:00,32.782160420194955
plant_01,2024-05-28 17:00:00,5.889007394255855
plant_02,2024-05-28 17:00:00,9.246762063854128
plant_03,2024-05-28 17:00:00,11.225965622621615
plant_04,2024-05-28 17:00:00,13.806577775972208
plant_01,2024-05-28 18:00:00,0.0
plant_02,2024-05-28 18:00:00,0.011811706514694011
plant_03,2024-05-28 18:00:00,0.09185935900527809
plant_04,2024-05-28 18:00:00,0.303112098992767
plant_01,2024-05-28 19:00:00,0.05899843072139865
plant_02,2024-05-28 19:00:00,0.016919670924592987
plant_03,2024-05-28 19:00:00,0.0
plant_04,2024-05-28 19:00:00,0.004868756025310297
plant_01,2024-05-28 20:00:00,0.0
plant_02,2024-05-28 20:00:00,0.00010016589901433158
plant_03,2024-05-28 20:00:00,0.0
plant_04,2024-05-28 20:00:00,0.003901892617587254
plant_01,2024-05-28 21:00:00,0.0
plant_02,2024-05-28 21:00:00,0.003966335030941726
plant_03,2024-05-28 21:00:00,0.0
plant_04,2024-05-28 21:00:00,0.01187427248120213
plant_01,2024-05-28 22:00:00,0.0
plant_02,2024-05-28 22:00:00,0.0021013869559181786
plant_03,2024-05-28 22:00:00,0.030437495736765897
plant_04,2024-05-28 22:00:00,0.04489393586853082
plant_01,2024-05-28 23:00:00,0.0
plant_02,2024-05-28 23:00:00,0.008006661540903638
plant_03,2024-05-28 23:00:00,0.0
plant_04,2024-05-28 23:00:00,0.001970343080266244
plant_01,2024-05-29 00:00:00,0.0
plant_02,2024-05-29 00:00:00,0.00860672061033472
plant_03,2024-05-29 00:00:00,0.009193093676021809
plant_04,2024-05-29 00:00:00,0.0
plant_01,2024-05-29 01:00:00,0.0
plant_02,2024-05-29 01:00:00,0.003700121327673778
plant_03,2024-05-29 01:00:00,0.0
plant_04,2024-05-29 01:00:00,0.02468775265211618
plant_01,2024-05-29 02:00:00,0.0
plant_02,2024-05-29 02:00:00,0.0030682503636412207
plant_03,2024-05-29 02:00:00,0.0010023374987576206
plant_04,2024-05-29 02:00:00,0.0
plant_01,2024-05-29 03:00:00,0.0
plant_02,2024-05-29 03:00:00,0.0
plant_03,2024-05-29 03:00:00,0.007661697974079786
plant_04,2024-05-29 03:00:00,0.004800034779952348
plant_01,2024-05-29 04:00:00,0.0
plant_02,2024-05-29 04:00:00,0.0
plant_03,2024-05-29 04:00:00,0.0
plant_04,2024-05-29 04:00:00,0.0
plant_01,2024-05-29 05:00:00,0.0
plant_02,2024-05-29 05:00:00,0.0
plant_03,2024-05-29 05:00:00,0.0
plant_04,2024-05-29 05:00:00,0.0058996584548910175
plant_01,2024-05-29 06:00:00,0.0
plant_02,2024-05-29 06:00:00,0.010179306590109419
plant_03,2024-05-29 06:00:00,0.006430155721561294
plant_04,2024-05-29 06:00:00,0.0
plant_01,2024-05-29 07:00:00,5.4155604352813045
plant_02,2024-05-29 07:00:00,7.88939441556381
plant_03,2024-05-29 07:00:00,12.556813739700031
plant_04,2024-05-29 07:00:00,10.5770657329381
plant_01,2024-05-29 08:00:00,11.896648826893292
plant_02,2024-05-29 08:00:00,14.792578084400796
plant_03,2024-05-29 08:00:00,22.30608629393924
plant_04,2024-05-29 08:00:00,26.516205959756856
plant_01,2024-05-29 09:00:00,14.878281223002082
plant_02,2024-05-29 09:00:00,19.996030931469118
plant_03,2024-05-29 09:00:00,30.311639918411515
plant_04,2024-05-29 09:00:00,42.24846826007237
plant_01,2024-05-29 10:00:00,18.86006316828996
plant_02,2024-05-29 10:00:00,25.493249949734793
plant_03,2024-05-29 10:00:00,36.28950998417196
plant_04,2024-05-29 10:00:00,48.9740552299563
plant_01,2024-05-29 11:00:00,21.95079847565991
plant_02,2024-05-29 11:00:00,33.37509443126544
plant_03,2024-05-29 11:00:00,41.89540792810625
plant_04,2024-05-29 11:00:00,48.884469569708145
plant_01,2024-05-29 12:00:00,24.51043908477089
plant_02,2024-05-29 12:00:00,31.381799573019137
plant_03,2024-05-29 12:00:00,43.373173905119394
plant_04,2024-05-29 12:00:00,48.98046004748318
plant_01,2024-05-29 13:00:00,23.47464243927154
plant_02,2024-05-29 13:00:00,29.951116945000077
plant_03,2024-05-29 13:00:00,43.4830718819015
plant_04,2024-05-29 13:00:00,49.48127078709339
plant_01,2024-05-29 14:00:00,22.227647599253075
plant_02,2024-05-29 14:00:00,32.79640942536546
plant_03,2024-05-29 14:00:00,35.42109774265306
plant_04,2024-05-29 14:00:00,52.738312506153186
plant_01,2024-05-29 15:00:00,17.36163197167843
plant_02,2024-05-29 15:00:00,27.202351728633566
plant_03,2024-05-29 15:00:00,35.30437437580458
plant_04,2024-05-29 15:00:00,35.58605515381749
plant_01,2024-05-29 16:00:00,11.948745289062039
plant_02,2024-05-29 16:00:00,17.369943762158574
plant_03,2024-05-29 16:00:00,21.355397608562402
plant_04,2024-05-29 16:00:00,25.16264017540878
plant_01,2024-05-29 17:00:00,8.040911628637629
plant_02,2024-05-29 17:00:00,9.084770670595002
plant_03,2024-05-29 17:00:00,12.133391344390018
plant_04,2024-05-29 17:00:00,12.293774244129795
plant_01,2024-05-29 18:00:00,0.2187299000049073
plant_02,2024-05-29 18:00:00,0.05888505359459481
plant_03,2024-05-29 18:00:00,5.860208322984031
plant_04,2024-05-29 18:00:00,0.003901892617587254
plant_01,2024-05-29 19:00:00,0.0
plant_02,2024-05-29 19:00:00,0.0
plant_03,2024-05-29 19:00:00,0.052254105599572526
plant_04,2024-05-29 19:00:00,0.0
plant_01,2024-05-29 20:00:00,0.0025549795614312476
plant_02,2024-05-29 20:00:00,0.00010016589901433158
plant_03,2024-05-29 20:00:00,0.0
plant_04,2024-05-29 20:00:00,0.006446454258398455
plant_01,2024-05-29 21:00:00,0.0
plant_02,2024-05-29 21:00:00,0.003120391026333194
plant_03,2024-05-29 21:00:00,0.025238522807564622
plant_04,2024-05-29 21:00:00,0.0
plant_01,2024-05-29 22:00:00,0.0
plant_02,2024-05-29 22:00:00,0.0021013869559181786
plant_03,2024-05-29 22:00:00,0.0
plant_04,2024-05-29 22:00:00,0.016113715885256164
plant_01,2024-05-29 23:00:00,0.0
plant_02,2024-05-29 23:00:00,0.0
plant_03,2024-05-29 23:00:00,0.028838761365010297
plant_04,2024-05-29 23:00:00,0.012813991845597002
